,,,,9/5/2026,9/4/2026,8/22/2026,8/21/2026,8/8/2026,8/7/2026,7/25/2026,7/24/2026,7/11/2026,7/10/2026,6/27/2026,6/26/2026,6/13/2026,6/12/2026,5/30/2026,5/29/2026,5/16/2026,5/15/2026,4/30/2026,4/29/2026,4/18/2026,4/17/2026,4/2/2026,4/1/2026,3/21/2026,3/20/2026,3/7/2026,3/6/2026,2/21/2026,2/20/2026,2/7/2026,2/6/2026,1/24/2026,1/23/2026,1/10/2026,1/9/2026,12/23/2025,12/22/2025,12/12/2025,11/29/2025,11/28/2025,11/15/2025,11/14/2025,10/28/2025,10/27/2025,10/18/2025,10/17/2025,9/30/2025,9/29/2025,9/20/2025,9/19/2025,9/6/2025,9/5/2025,8/23/2025,8/22/2025,8/9/2025,8/8/2025,7/26/2025,7/25/2025,7/12/2025,7/11/2025,6/28/2025,6/27/2025,6/14/2025,6/13/2025,5/31/2025,5/30/2025,5/17/2025,5/16/2025,5/3/2025,5/2/2025,4/15/2025,4/14/2025,4/5/2025,4/4/2025,3/22/2025,3/21/2025,3/8/2025,3/7/2025,2/22/2025,2/21/2025,2/8/2025,2/7/2025,1/25/2025,1/24/2025,1/11/2025,1/10/2025
,1 Alle Mitarbeiterinnen und Mitarbeiter in Ihrer Firma müssen ,test 010301,,,,,,,,,,,,,,,,,,,,,,,,,,,,,,,,,,,,,,,,,,,,,,,,,,,,,,,,,,,,,,,test 010301,test 010301,,,,,test 010301,,,test 010301,,,,,,,,,,,,,,,,
,"mehr Aufgaben übernehmen, da keine neuen Mitarbeitende ",Webseite ,,,,,,,,,,,,,,,,,,,,,,,,,,,,,,,,,,,,,,,,,,,,,,,,,,,,,,,,,,,,,,,Webseite ,Webseite ,,,,,Webseite ,,,Webseite ,,,,,,,,,,,,,,,,
,eingestellt werden können.,zusätzliche Bezahlung ,,,,,,,,,,,,,,,,,,,,,,,,,,,,,,,,,,,,,,,,,,,,,,,,,,,,,,,,,,,,,,,zusätzliche Bezahlung ,zusätzliche Bezahlung ,,,,,zusätzliche Bezahlung ,,,,,,,,,,,,,,,,,,,
,,T-notizen ,,,,,,,,,,,,,,,,,,,,,,,,,,,,,,,,,,,,,,,,,,,,,,,,,,,,,,,,,,,,,,,T-notizen ,T-notizen ,,,,,T-notizen ,,,,,,,,,,,,,,,,,,,
,,Maler,,,,,,,,,,,,,,,,,,,,,,,,,,,,,,,,,,,,,,,,,,,,,,,,,,,,,,,,,,,,,,,Maler,Maler,,,,,Maler,,,,,,,,,,,,,,,,,,,
,2 Alle Mitarbeiterinnen und Mitarbeiter in Ihrer Firma sollen im ,Farbe  weiß/grün,,,,,,,,,,,,,,,,,,,,,,,,,,,,,,,,,,,,,,,,,,,,,,,,,,,,,,,,,,,,,,,Farbe  weiß/grün,Farbe  weiß/grün,,,,,Farbe  weiß/grün,,,,,,,,,,,,,,,,,,,
,Krankheitsfall ab dem ersten Tag eine ärztliche Krankmeldung ,Beschwerde ,,,,,,,,,,,,,,,,,,,,,,,,,,,,,,,,,,,,,,,,,,,,,,,,,,,,,,,,,,,,,,,Beschwerde ,Beschwerde ,,,,,Beschwerde ,,,,,,,,,,,,,,,,,,,
,vorlegen. Andernfalls gelten die Tage als Fehlzeit.,Meier,,,,,,,,,,,,,,,,,,,,,,,,,,,,,,,,,,,,,,,,,,,,,,,,,,,,,,,,,,,,,,,Meyer/Mayer???,Meier,,,,,Meier,,,,,,,,,,,,,,,,,,,
,,,,,,,,,,,,,,,,,,,,,,,,,,,,,,,,,,,,,,,,,,,,,,,,,,,,,,,,,,,,,,,,,"9⁰⁰ Hessen,  NRW, Berlin, Hamburg, Dresden, Bayern, Bremen, Thüringen, Frankfurt, ","9⁰⁰ Berlin, Mecklenburg-Vorpommern, ",,,,,Baden-Württemberg ,,,Nachmittag ,,,,,,,,,,,,,,,,
,,,,,,,,,,,,,,,,,,,,,,,,,,,,,,,,,,,,,,,,,,,,,,,,,,,,,,,,,,,,,,,,,,,,,,,5/17/2025,,,,,,,,,,,3/7/2025,,,2/8/2025,,,,,
,3 Alle Mitarbeiterinnen und Mitarbeiter sollen ein Jobticket für ,test 010321,,,,,,,,,,,,,,,,,,,,,,,,,,,,,,,,,,,,,,,,,,,,,,,,,,,,,,,,,,,,,,,,,,,,,test 010321,,,,,,,,,,,test 010321,,,test 010321,,,,,
,das gesamte Netz der öffentlichen Verkehrsmittel,Webseite,,,,,,,,,,,,,,,,,,,,,,,,,,,,,,,,,,,,,,,,,,,,,,,,,,,,,,,,,,,,,,,,,,,,,Webseite,,,,,,,,,,,Webseite ,,,Webseite ,,,,,
,"bekommen, das auch privat genutzt werden kann. Dafür wird",300 €,,,,,,,,,,,,,,,,,,,,,,,,,,,,,,,,,,,,,,,,,,,,,,,,,,,,,,,,,,,,,,,,,,,,,300 €,,,,,,,,,,,T-notizen,,,T-notizen,,,,,
,eine monatliche Gebühr vom Gehalt abgezogen.,T-notizen ,,,,,,,,,,,,,,,,,,,,,,,,,,,,,,,,,,,,,,,,,,,,,,, ,,,,,,,,,,,,,,,,,,,,,,T-notizen ,,,,,,,,,,,Meier,,,Meier,,,,,
, ,Maler,,,,,,,,,,,,,,,,,,,,,,,,,,,,,,,,,,,,,,,,,,,,,,,,,,,,,,,,,,,,,,,,,,,,,Maler,,,,,,,,,,,,,,,,,,,
,4 Alle Mitarbeiterinnen und Mitarbeiter in Ihrer Firma sollen an,Farbe  weiß/grün,,,,,,,,,,,,,,,,,,,,,,,,,,,,,,,,,,,,,,,,,,,,,,,,,,,,,,,,,,,,,,,,,,,,,Farbe  weiß/grün,,,,,,,,,,,,,,,,,,,
,einem Workshop zum Zeitmanagement,Beschwerde ,,,,,,,,,,,,,,,,,,,,,,,,,,,,,,,,,,,,,,,,,,,,,,,,,,,,,,,,,,,,,,,,,,,,,Beschwerde ,,,,,,,,,,,,,,,,,,,
,"teilnehmen, um Ihre Arbeitsabläufe effizienter gestalten zu können.",Meier,,,,,,,,,,,,,,,,,,,,,,,,,,,,,,,,,,,,,,,,,,,,,,,,,,,,,,,,,,,,,,,,,,,,,Meier,,,,,,,,,,,,,,,,,,,
,,,,,,,,,,,,,,,,,,,,,,,,,,,,,,,,,,,,,,,,,,,,,,,,,,,,,,,,,,,,,,,,,,,,,,,"Bremen,  Frankfurt, Baden-Württemberg, ",,,,,,,,,,,,,,,,,,,
,,,,,,,,,,,,,,,,,,,,,,,,,,,,,,,,,,,,,,,,,,,,,,,,,,,,,,,,,,,,,,,,,,,,,,,,,,,,,,,,,,,,,,,,,,
,"Thema: ""Zusätzliche Aufgaben"".
Alle Mitarbeiterinnen und Mitarbeiter in Ihrer Firma sollen ab sofort zusätzliche Aufgaben übernehmen, da es zu wenige Bewerbungen auf freigewordene Stellen gibt.
",test 010401,,,,,test 010401,,test 010401,test 010401,,test 010401,test 010401,,,,test 010401,,test 010401,,,,,,test 010401,,,test 010401,,,,,,,,,,,,,,,,,,,,,,,,,,,,,,,,,,,,,,,,,,,,,,,,,,,,,,,,,,,,,,
,,Pflanzenlieferung,,,,,Pflanzenlieferung,,Pflanzenlieferung,Pflanzenlieferung,,Pflanzenlieferung,Pflanzenlieferung,,,,Pflanzenlieferung,,Pflanzenlieferung,,,,,,Pflanzenlieferung,,,Pflanzenlieferung,,,,,,,,,,,,,,,,,,,,,,,,,,,,,,,,,,,,,,,,,,,,,,,,,,,,,,,,,,,,,,
,,,,,,,T-notizen ,,T-notizen ,T-notizen ,,,,,,,,,,,,,,,,,,,,,,,,,,,,,,,,,,,,,,,,,,,,,,,,,,,,,,,,,,,,,,,,,,,,,,,,,,,,,,,,
,,T-notizen ,,,,,,,Meier,Meier,,T-notizen ,T-notizen ,,,,T-notizen ,,T-notizen ,,,,,,T-notizen ,,,T-notizen ,,,,,,,,,,,,,,,,,,,,,,,,,,,,,,,,,,,,,,,,,,,,,,,,,,,,,,,,,,,,,,
,,Meyer,,,,,Wände streichen/Büro/ Geschäft vorbereitet/ ,,Wände streichen/Büro/ Geschäft vorbereitet/ ,Wände streichen/Büro/ Geschäft vorbereitet/ ,,,,,,,,,Meier,,,,,,,,,Meyer,,,,,,,,,,,,,,,,,,,,,,,,,,,,,,,,,,,,,,,,,,,,,,,,,,,,,,,,,,,,,,
,,Büro vorbereitet/ ,,,,,,,Farbe  weiß/rot,Farbe  weiß/rot,,,,,,,,,Wände streichen/Büro/ Geschäft vorbereitet/ ,,,,,,Büro vorbereitet/ ,,,Büro vorbereitet/ ,,,,,,,,,,,,,,,,,,,,,,,,,,,,,,,,,,,,,,,,,,,,,,,,,,,,,,,,,,,,,,
,"Thema: ""Ärztliche Krankmeldung"".
Alle Mitarbeiterinnen und Mitarbeiter in Ihrer Firma sollen im Krankheitsfall ab dem ersten Tag eine ärztliche Krankmeldung vorlegen. Andernfalls gelten die Tage als Fehlzeit.
",Farbe  weiß/rot,,,,,Beschwerde ,,Beschwerde ,Beschwerde ,,,,,,,,,Farbe  weiß/rot,,,,,,Farbe  weiß/rot,,,Farbe  weiß/rot,,,,,,,,,,,,,,,,,,,,,,,,,,,,,,,,,,,,,,,,,,,,,,,,,,,,,,,,,,,,,,
,,Beschwerde ,,,,,,,,,,,,,,,,,Beschwerde ,,,,,,Beschwerde ,,,Beschwerde ,,,,,,,,,,,,,,,,,,,,,,,,,,,,,,,,,,,,,,,,,,,,,,,,,,,,,,,,,,,,,,
,,,,,,,,,,,,,,,,,,,,,,,,,,,,,,,,,,,,,,,,,,,,,,,,,,,,,,,,,,,,,,,,,,,,,,,,,,,,,,,,,,,,,,,,,,
,,Mündlich 010201,,,,,Mündlich 010201,,,,,,,,,,,,,,,,,,,,,,,,,,,,,,,,,,,,,,,,,,,,,,,,,,,,,,,,,,,,,,,,,,,,,,,,,,,,,,,,,,,
,,,,,,,,,,,,,,,,,,,,,,,,,,,,,,,,,,,,,,,,,,,,,,,,,,,,,,,,,,,,,,,,,,,,,,,,,,,,,,,,,,,,,,,,,,
,"Thema: "" Jobticket "".
Alle Mitarbeiterinnen und Mitarbeiter sollen ein Jobticket für das gesamte Netz der öffentlichen Verkehrsmittel bekommen, das auch privat genutzt werden kann. Dafür wird eine monatliche Gebühr vom Gehalt abgezogen.
",test 010421,,test 010421,,test 010421,test 010421,test 010421,,,,test 010421,,,test 010421,,,,test 010421,,,,,,,,,,,,test 010421,,,,,test 010421,,,,,,,test 010421,,,,,,test 010421,test 010421,,,,,,,,,,,,,,,,,,,,,,,,,,,,,,,,,,,,,,,,
,,Pflanzenlieferung,,Pflanzenlieferung,,Pflanzenlieferung,Pflanzenlieferung,Pflanzenlieferung,,,,Pflanzenlieferung,,,Pflanzenlieferung,,,,Pflanzenlieferung,,,,,,,,,,,,Pflanzenlieferung,,,,,Pflanzenlieferung,,,,,,,Pflanzenlieferung,,,,,,Pflanzenlieferung,Pflanzenlieferung,,,,,,,,,,,,,,,,,,,,,,,,,,,,,,,,,,,,,,,,
,,,,T-notizen ,,T-notizen ,T-notizen ,T-notizen ,,,,,,,,,,,,,,,,,,,,,,,,,,,,,,,,,,,,,,,,,,,,,,,,,,,,,,,,,,,,,,,,,,,,,,,,,,,,,,,,,,
,,T-notizen ,,,,,,Meier,,,,T-notizen ,,,T-notizen ,,,,T-notizen ,,,,,,,,,,,,T-notizen ,,,,,T-notizen ,,,,,,,,,,,,,T-notizen ,T-notizen ,,,,,,,,,,,,,,,,,,,,,,,,,,,,,,,,,,,,,,,,
,,Meier,,,,,Wände streichen/Büro/ Geschäft vorbereitet/ ,Wände streichen/Büro/ Geschäft vorbereitet/ ,,,,,,,,,,,Meier,,,,,,,,,,,,,,,,,,,,,,,,,,,,,,Meier,Meier,,,,,,,,,,,,,,,,,,,,,,,,,,,,,,,,,,,,,,,,
,"Thema: "" Workshop zum Zeitmanagement""                                                  Alle Mitarbeiterinnen und Mitarbeiter in Ihrer  Firma sollen an einem Workshop zum Zeitmanagement teilnehmen, um Ihre Arbeitsabläufe effizienter gestalten zu können.",Wände streichen,,,,,Farbe  weiß/rot,Farbe  weiß/rot,,,,,,,,,,,Wände streichen,,,,,,,,,,,,Wände streichen,,,,,Wände streichen,,,,,,,,,,,,,Wände streichen,Wände streichen,,,,,,,,,,,,,,,,,,,,,,,,,,,,,,,,,,,,,,,,
,,Beschwerde ,,,,Beschwerde ,Beschwerde ,Beschwerde ,,,,,,,,,,,Beschwerde ,,,,,,,,,,,,Beschwerde ,,,,,Beschwerde ,,,,,,,,,,,,,Beschwerde ,Beschwerde ,,,,,,,,,,,,,,,,,,,,,,,,,,,,,,,,,,,,,,,,
,,,,,,,,,,,,,,,,,,,,,,,,,,,,,,,,,,,,,,,,,,,,,,,,,,,,,,,,,,,,,,,,,,,,,,,,,,,,,,,,,,,,,,,,,,
,,Mündlich 100101,,,,Mündlich 100101,,,,,,,,,,,,,,,,,,,,,,,,,,,,,,,,,,,,,,,,,,,,,,,,,,,,,,,,,,,,,,,,,,,,,,,,,,,,,,,,,,,,
,,,,,,,,,,,,,,,,,,,,,,,,,,,,,,,,,,,,,,,,,,,,,,,,,,,,,,,,,,,,,,,,,,,,,,,5/17/2025,,,,,,,,,,,,,,,,,,,
,"Thema: Workshop zum Zeitmanagement 
Alle Mitarbeiterinnen und Mitarbeiter in Ihrer Firma sollen an einem Workshop zum Zeitmanagement teilnehmen
",test 020301,,test 020301,test 020301,,,,,,,,,,,,test 020301,,test 020301,,test 020301,,,test 020301,,,,,,test 020301,,test 020301,,,,,,,,,test 020301,,,,,,,,test 020301,,,,,,,,,,,,,,,,,,,,,test 020301,test 020301,,,,,,,,test 020301,,,,,,,,,,,
,,Reinigung ,,Reinigung ,Reinigung ,,,,,,,,,,,,Reinigung ,,Reinigung ,,Reinigung ,,,Reinigung ,,,,,,Reinigung ,,Reinigung ,,,,,,,,,Reinigung ,,,,,,,,Reinigung ,,,,,,,,,,,,,,,,,,,,,Reinigung ,Reinigung ,,,,,,,,Reinigung ,,,,,,,,,,,
,,"15Min.,20%Rabbat ",,T-notizen ,T-notizen ,,,,,,,,,,,,,,,,,,,,,,,,,,,,,,,,,,,,,,,,,,,,,,,,,,,,,,,,,,,,,,,,,"15Min.,20%Rabbat ","15Min.,20%Rabbat ",,,,,,,,,,,,,,,,,,,
,,T-notizen ,,,,,,,,,,,,,,,T-notizen ,,T-notizen ,,T-notizen ,,,T-notizen ,,,,,,T-notizen ,,T-notizen ,,,,,,,,,T-notizen ,,,,,,,,T-notizen ,,,,,,,,,,,,,,,,,,,,,T-notizen ,T-notizen ,,,,,,,,T-notizen ,,,,,,,,,,,
,"Thema: "" keine Überstunden ""
Alle Mitarbeiterinnen und Mitarbeiter in Ihrer  Firma sollen keine Überstunden leisten. Zur Durchsetzung dieser Maßnahme wird man nach acht Arbeitsstunden automatisch aus dem Computersystem abgemeldet. 
",Schmidt/tt/dz/tz?,,,,,,,,,,,,,,,Schmidt,,Schmidt,,Schmidt,,,Schmidt,,,,,,Schmidt,,Schmidt,,,,,,,,,Schmidt,,,,,,,,,,,,,,,,,,,,,,,,,,,,,Schmidt/tt/dz/tz?,Schmidt/tt/dz/tz?,,,,,,,,,,,,,,,,,,,
,,Autovermietung ,,,,,,,,,,,,,,,Autovermietung ,,Autovermietung ,,Autovermietung ,,,Autovermietung ,,,,,,Autovermietung ,,Autovermietung ,,,,,,,,,Autovermietung ,,,,,,,,,,,,,,,,,,,,,,,,,,,,,Autovermietung ,Autovermietung ,,,,,,,,,,,,,,,,,,,
,,Angebot ,,,,,,,,,,,,,,,Angebot ,,Angebot ,,Angebot ,,,Angebot ,,,,,,Angebot ,,Angebot ,,,,,,,,,Angebot ,,,,,,,,,,,,,,,,,,,,,,,,,,,,,Angebot ,Angebot ,,,,,,,,Angebot ,,,,,,,,,,,
,,,,,,,,,,,,,,,,,,,,,,,,,,,,,,,,,,,,,,,,,,,,,,,,,,,,,,,,,,,,,,,,,,,,,,,,,,,,,,,,,,,,,,,,,,
,,Mündlich 020201,,,,,,,,,,,,,,,Mündlich 020201,,,,,,,,,,,,,,,,,,,,,,,,,,,,,,,,,,,,,,,,,,,,,,,,,,,,,9⁰⁰ Dresden ,"9⁰⁰ Hamburg , NRW, ",,,,,,,,,,,,,,,,,,,
,,,,,,,,,,,,,,,,,,,,,,,,,,,,,,,,,,,,,,,,,,,,,,,,,,,,,,,,,,,,,,,,,,,,,,,,,,,,,,,,,,,,,,,,,,
,"Alle Mitarbeiterinnen und Mitarbeiter sollen bereit sein, Überstunden zu leisten. Diese werden nicht extra bezahlt, sondern sind mit dem übertariflichen Gehalt ausgeglichen.",test 020321,,,test 020321,test 020321,,test 020321,test 020321,test 020321,test 020321,test 020321,test 020321,,test 020321,,,test 020321,,,,,,,,,,,,,,,,,,,,,,,test 020321,,,,,,,test 020321,,,,,,,,,,test 020321,,,,,,,,,,test 020321,test 020321,,,,,,,,,,,,,,,,test 020321,,,,,
,,Reinigung ,,,Reinigung ,Reinigung ,,Reinigung ,Reinigung ,Reinigung ,Reinigung ,Reinigung ,Reinigung ,,Reinigung ,   ,,Reinigung ,,,,,,,,,,,,,,,,,,,,,,,Reinigung ,,,,,,,Reinigung ,,,,,,,,,,Reinigung ,,,,,,,,,,Reinigung ,Reinigung ,,,,,,,,,,,,,,,,Reinigung ,,,,,
,,T-notizen ,,,T-notizen ,T-notizen ,,T-notizen ,T-notizen ,T-notizen ,T-notizen ,T-notizen ,T-notizen ,,T-notizen ,,,T-notizen ,,,,,,,,,,,,,,,,,,,,,,,T-notizen ,,,,,,,T-notizen ,,,,,,,,,,T-notizen ,,,,,,,,,,T-notizen ,T-notizen ,,,,,,,,,,,,,,,,T-notizen ,,,,,
,,Schmidt/tt/dz/tz?,,,,,,Schmidt,Schmidt,Schmidt,Schmidt,,,,,,,Schmidt,,,,,,,,,,,,,,,,,,,,,,,Schmidt,,,,,,,Schmidt/tt/dz/tz?,,,,,,,,,,Schmidt,,,,,,,,,,Schmidt/tt/dz/tz?,Schmidt/tt/dz/tz?,,,,,,,,,,,,,,,,Schmidt/tt/dz/tz?,,,,,
,,Autovermietung ,,,,,,Autovermietung ,Autovermietung ,Autovermietung ,Autovermietung ,,,,,,,Autovermietung ,,,,,,,,,,,,,,,,,,,,,,,Autovermietung ,,,,,,,Autovermietung ,,,,,,,,,,Autovermietung ,,,,,,,,,,Autovermietung ,Autovermietung ,,,,,,,,,,,,,,,,Autovermietung ,,,,,
,Alle Mitarbeiterinnen und Mitarbeiter der Firma sollten ihre Mobiltelefone während der Arbeitszeit im Aufenthaltsraum aufbewahren. Privathandy sind nur in den Pausen gestattet.,Angebot  90€,,,,,,Angebot ,Angebot ,Angebot ,Angebot ,,,,,,,Angebot ,,,,,,,,,,,,,,,,,,,,,,,Angebot ,,,,,,,Angebot ,,,,,,,,,,Angebot  50€,,,,,,,,,,Angebot  90€,Angebot 90€,,,,,,,,,,,,,,,,,,,,,
,,,,,,,,,,,,,,,,,,,,,,,,,,,,,,,,,,,,,,,,,,,,,,,,,,,,,,,,,,,,,,,,,,,,,,,,,,,,,,,,,,,,,,,,,,
,,,,,,,,,,,,,,,,,,,,,,,,,,,,,,,,,,,,,,,,,,,,,,,,,,,,,,,,,,,,,,,,,,,,,,,,,,,,,,,,,,,,,,,,,,
,,,,,,,,,,,,,,,,,,,,,,,,,,,,,,,,,,,,,,,,,,,,,,,,,,,,,,,,,,,,,,,,,,,,13⁰⁰ Sachsen-Anhalt ,9⁰⁰ Sachsen ,,,,,,,,,,,,,,,,,,,,,
,,,,,,,,,,,,,,,,,,,,,,,,,,,,,,,,,,,,,,,,,,,,,,,,,,,,,,,,,,,,,,,,,,,,,,,,,,,,,,,,,,,,,,,,,,
,"Firmenumzug                                                                                                       Alle Mitarbeiterinnen und Mitarbeiter in Ihrer Firma müssen umziehen, weil das Unternehmen in eine andere Stadt zieht; die Kosten für den Umzug werden erstattet.",test 030301,,,,,,,,,,,,,,,,,,,,,,,,,,,,,,,,,,,,,,,,,,,,,,,,,,,,,,,,,,,,,,,,,,,,,,,,,,,,test 030301,,test 030301,,,,,,,,,,
,,Tischlampe ,,,,,,,,,,,,,,,,,,,,,,,,,,,,,,,,,,,,,,,,,,,,,,,,,,,,,,,,,,,,,,,,,,,,,,,,,,,,Tischlampe ,,Tischlampe ,,,,,,,,,,
,,T- notizen,,,,,,,,,,,,,,,,,,,,,,,,,,,,,,,,,,,,,,,,,,,,,,,,,,,,,,,,,,,,,,,,,,,,,,,,,,,,T- notizen,,,,,,,,,,,,
,,Tischreservierug,,,,,,,,,,,,,,,,,,,,,,,,,,,,,,,,,,,,,,,,,,,,,,,,,,,,,,,,,,,,,,,,,,,,,,,,,,,,,,,,,,,,,,,,
,"Parken nur für Kunden                                                                                                                     Alle Mitarbeiterinnen und Mitarbeiter in Ihrer Firma dürfen nicht mehr ihre Autos auf dem Firmengelände parken. Das Parken ist jetzt nur noch für Kunden. Das Unternehmen übernimmt die Kosten nur noch den öffentlichen Nahverkehr.
",Herrman,,,,,,,,,,,,,,,,,,,,,,,,,,,,,,,,,,,,,,,,,,,,,,,,,,,,,,,,,,,,,,,,,,,,,,,,,,,,Tischreservierug für 6 Person,,,,,,,,,,,,
,,,,,,,,,,,,,,,,,,,,,,,,,,,,,,,,,,,,,,,,,,,,,,,,,,,,,,,,,,,,,,,,,,,,,,,,,,,,,,Buchung,,,,,,,,,,,,
,,Buchung,,,,,,,,,,,,,,,,,,,,,,,,,,,,,,,,,,,,,,,,,,,,,,,,,,,,,,,,,,,,,,,,,,,,,,,,,,,,,,,,,,,,,,,,
,,,,,,,,,,,,,,,,,,,,,,,,,,,,,,,,,,,,,,,,,,,,,,,,,,,,,,,,,,,,,,,,,,,,,,,,,,,,,,,,,,,,,,,,,,
,,,,,,,,,,,,,,,,,,,,,,,,,,,,,,,,,,,,,,,,,,,,,,,,,,,,,,,,,,,,,,,,,,,,,,,,,,,,,,,,,,,,,,,,,,
,,,,,,,,,,,,,,,,,,,,,,,,,,,,,,,,,,,,,,,,,,,,,,,,,,,,,,,,,,,,,,,,,,,,,,,,,,,,,,,,,,,,,,,,,,
,"Firmenumzug                                                                                                       Alle Mitarbeiterinnen und Mitarbeiter in Ihrer Firma müssen umziehen, weil das Unternehmen in eine andere Stadt zieht; die Kosten für den Umzug werden erstattet.",test 030302,,test 030302,test 030302,,,test 030302,,,test 030302,test 030302,,,,,,,test 030302,,,,,,,,,,,,,,,,,,,,,,,,,,,,,,,,,,test 030302,test 030302,,test 030302,,,,,,,,,,,,,,,,,,,,,,,,,,,,,,,,,,
,,Tischlampe ,,Tischlampe ,Tischlampe ,,,Tischlampe ,,,Tischlampe ,Tischlampe ,,,,,,,Tischlampe ,,,,,,,,,,,,,,,,,,,,,,,,,,,,,,,,,,Tischlampe ,Tischlampe ,,Tischlampe ,,,,,,,,,,,,,,,,,,,,,,,,,,,,,,,,,,
,,T- notizen,,T- notizen,T- notizen,,,T- notizen,,,T- notizen,T- notizen,,,,,,,T- notizen,,,,,,,,,,,,,,,,,,,,,,,,,,,,,,,,,,T- notizen,T- notizen,,T- notizen,,,,,,,,,,,,,,,,,,,,,,,,,,,,,,,,,,
,,,,Herrman,,,,Hoffmann,,,Hoffmann,,,,,,,,,,,,,,,,,,,,,,,,,,,,,,,,,,,,,,,,,,,,,,,,,,,,,,,,,,,,,,,,,,,,,,,,,,,,,,,
,"Parken nur für Kunden                                                                                                                     Alle Mitarbeiterinnen und Mitarbeiter in Ihrer Firma dürfen nicht mehr ihre Autos auf dem Firmengelände parken. Das Parken ist jetzt nur noch für Kunden. Das Unternehmen übernimmt die Kosten nur noch den öffentlichen Nahverkehr.
",Tischreservierug,,Tischreservierug für 5 Person,Tischreservierug für 5 Person,,,"Tischreservierug, Do., am Abend, Menü 2",,,Tischreservierug,,,,,,,,Tischreservierug,,,,,,,,,,,,,,,,,,,,,,,,,,,,,,,,,,Tischreservierug,Tischreservierug,,Tischreservierug,,,,,,,,,,,,,,,,,,,,,,,,,,,,,,,,,,
,,,,Buchung,Buchung,,,Buchung,,,Buchung,Buchung,,,,,,,Buchung,,,,,,,,,,,,,,,,,,,,,,,,,,,,,,,,,,Buchung,Buchung,,Buchung,,,,,,,,,,,,,,,,,,,,,,,,,,,,,,,,,,
,,Buchung,,,,,,,,,,,,,,,,,,,,,,,,,,,,,,,,,,,,,,,,,,,,,,,,,,,,,,,,,,,,,,,,,,,,,,,,,,,,,,,,,,,,,,,,
,,,,,,,,,,,,,,,,,,,,,,,,,,,,,,,,,,,,,,,,,,,,,,,,,,,,,,,,,,,,,,,,,,,,,,,,,,,,,,,,,,,,,,,,,,
,,Mündlich 030301,,,,,,,,,,,,,,,,,,,,,,,,,,,,,,,,,,,,,,,,,,,,,,,,,,,,,,Mündlich 030301,,,,,,,,,,,,,,,,,,,,,,,,,,,,,,,,,,
,,,,,,,,,,,,,,,,,,,,,,,,,,,,,,,,,,,,,,,,,,,,,,,,,,,,,,,,,,,,,,,,,,,,,,,,,,,,,,,,,,,,,,,,,,
,11 Alle Mitarbeiterinnen und Mitarbeiter in Ihre Firma müssen ,test 030321,,,,,,,,,,,,,,,,,,,,,,,,,,,,,,,,,,,,,,,,,,,,,,,,,,,,,,,,,,,,,,,,,,,,,,,,,,,,,,,test 030321,,,test 030321,test 030321,,,,,
,Weiterbildung nach der Arbeitszeit mindesten 2 Mal pro Jahr ,Tischlampe,,,,,,,,,,,,,,,,,,,,,,,,,,,,,,,,,,,,,,,,,,,,,,,,,,,,,,,,,,,,,,,,,,,,,,,,,,,,,,,Tischlampe,,,Tischlampe,Tischlampe,,,,,
,machen. Die Firma unterstützt Sie dabei und bezahlt einen Zuschlag ,T- notizen,,,,,,,,,,,,,,,,,,,,,,,,,,,,,,,,,,,,,,,,,,,,,,,,,,,,,,,,,,,,,,,,,,,,,,,,,,,,,,,T-notizen,,,T-notizen,T-notizen,,,,,
,50,,,,,,,,,,,,,,,,,,,,,,,,,,,,,,,,,,,,,,,,,,,,,,,,,,,,,,,,,,,,,,,,,,,,,,,,,,,,,,,,Lieferung,,,Herrman/Herrmann,Herrman/Herrmann,,,,,
,,Tischreservierug,,,,,,,,,,,,,,,,,,,,,,,,,,,,,,,,,,,,,,,,,,,,,,,,,,,,,,,,,,,,,,,,,,,,,,,,,,,,,,,,,,,,,,,,
,12 Alle Mitarbeiterinnen und Mitarbeiter in Ihrer Firma können in der ,,,,,,,,,,,,,,,,,,,,,,,,,,,,,,,,,,,,,,,,,,,,,,,,,,,,,,,,,,,,,,,,,,,,,,,,,,,,,,,,,,,,,,,,,
,Pause Sport treiben. Für den Sport werden monatlich 15 € abgezogen.,Buchung,,,,,,,,,,,,,,,,,,,,,,,,,,,,,,,,,,,,,,,,,,,,,,,,,,,,,,,,,,,,,,,,,,,,,,,,,,,,,,,,,,,,,,,,
,,,,,,,,,,,,,,,,,,,,,,,,,,,,,,,,,,,,,,,,,,,,,,,,,,,,,,,,,,,,,,,,,,,,,,,,,,,,,,,,,,,,,,,,,,
,,,,,,,,,,,,,,,,,,,,,,,,,,,,,,,,,,,,,,,,,,,,,,,,,,,,,,,,,,,,,,,,,,,,,,,,,,,,,,,,,,,,,,,,,,
,,,,,,,,,,,,,,,,,,,,,,,,,,,,,,,,,,,,,,,,,,,,,,,,,,,,,,,,,,,,,,,,,,,,,,,,,,,,,,,,,,,,,,,,,,
,"Betriebliche Erreichbarkeitsregelung
Wegen eines großen Betriebsauftrags müssen alle Mitarbeitenden 
am Wochenende / unter der Woche telefonisch erreichbar sein.
",test 030422,,test 030422,,,,,,,,,,,,,,,,,,,,,,,,,,,,,,,,,,,,,,,,,,,,,,,,,,,,,,,,,,,,,,,,,,,,,,,,,,,,,,,,,,,,,,
,,Tischlampe,,Tischlampe ,,,,,,,,,,,,,,,,,,,,,,,,,,,,,,,,,,,,,,,,,,,,,,,,,,,,,,,,,,,,,,,,,,,,,,,,,,,,,,,,,,,,,,
,,T- notizen,,T- notizen,,,,,,,,,,,,,,,,,,,,,,,,,,,,,,,,,,,,,,,,,,,,,,,,,,,,,,,,,,,,,,,,,,,,,,,,,,,,,,,,,,,,,,
,,,,,,,,,,,,,,,,,,,,,,,,,,,,,,,,,,,,,,,,,,,,,,,,,,,,,,,,,,,,,,,,,,,,,,,,,,,,,,,,,,,,,,,,,,
,"Firmenfitnessstudio
 Alle Mitarbeiterinnen und Mitarbeiter sollen die Möglichkeit haben, die neue Fitnessstudio-Einrichtung am Arbeitsplatz während der Pausen zu nutzen. Dafür wird eine Gebühr von 15 Euro pro Monat direkt vom Gehalt abgezogen.
",Tischreservierug,,Tischreservierug für 4 Person,,,,,,,,,,,,,,,,,,,,,,,,,,,,,,,,,,,,,,,,,,,,,,,,,,,,,,,,,,,,,,,,,,,,,,,,,,,,,,,,,,,,,,
,,,,/Montagsabend 18:00/Menü 1,,,,,,,,,,,,,,,,,,,,,,,,,,,,,,,,,,,,,,,,,,,,,,,,,,,,,,,,,,,,,,,,,,,,,,,,,,,,,,,,,,,,,,
,,,,Parkplätze für Gäste,,,,,,,,,,,,,,,,,,,,,,,,,,,,,,,,,,,,,,,,,,,,,,,,,,,,,,,,,,,,,,,,,,,,,,,,,,,,,,,,,,,,,,
,,Buchung,,Buchung,,,,,,,,,,,,,,,,,,,,,,,,,,,,,,,,,,,,,,,,,,,,,,,,,,,,,,,,,,,,,,,,,,,,,,,,,,,,,,,,,,,,,,
,,,,,,,,,,,,,,,,,,,,,,,,,,,,,,,,,,,,,,,,,,,,,,,,,,,,,,,,,,,,,,,,,,,,,,,,,,,,,,,,,,,,,,,,,,
,,,,,,,,,,,,,,,,,,,,,,,,,,,,,,,,,,,,,,,,,,,,,,,,,,,,,,,,,,,,,,,,,,6/27/2025,,6/13/2025,,,,,,,,,,,,,,,,,,,,,,1/10/2025
,"Standort ziehen                                                                                                   Alle Mitarbeiterinnen und Mitarbeiter in Ihrer Firma müssen an einen anderen Standort ziehen. Die Firma unterstützt Sie dabei und gewährt einen zusätzlichen Urlaubstag sowie fünf weitere Urlaubstage.
",test 040301,,Test 040301,Test 040301,,Test 040301,Test 040301,,,Test 040301,,,Test 040301,,,Test 040301,,,,,,,,,,,,,,,,,,,Test 040301,,,,,,,,,,,,,,,,,,test 040301,,,,,,,,,,,,test 040301,,test 040301,,,,,,,,,,,,,,test 040301,,,,,,,,test 040301
,,Umzug,,Umzug,Umzug,,Umzug,Umzug,,,Umzug,,,Umzug,,,Umzug,,,,,,,,,,,,,,,,,,,Umzug,,,,,,,,,,,,,,,,,,Umzug,,,,,,,,,,,,Umzug,,Umzug,,,,,,,,,,,,,,Umzug,,,,,,,,Umzug
,,T- notizen,,T- notizen,T- notizen,,T- notizen,T- notizen,,,T- notizen,,,T- notizen,,,T- notizen,,,,,,,,,,,,,,,,,,,T- notizen,,,,,,,,,,,,,,,,,,T- notizen,,,,,,,,,,,,T- notizen,,T- notizen,,,,,,,,,,,,,,T- notizen,,,,,,,,T-notizen
,,Hofmann ,,Hofmann ,,,Hofmann,Hofmann,,,Hofmann,,,,,,Hofmann,,,,,,,,,,,,,,,,,,,Hofmann,,,,,,,,,,,,,,,,,,,,,,,,,,,,,,Hofmann,,Hofmann,,,,,,,,,,,,,,,,,,,,,,Städtler
,,200 Prospekte 80 sind gefallen ,,200 Prospekte 80 sind gefallen ,,,Beschwerde ,Beschwerde ,,,Beschwerde ,,,,,,Beschwerde ,,,,,,,,,,,,,,,,,,,Beschwerde ,,,,,,,,,,,,,,,,,,Beschwerde ,,,,,,,,,,,,Beschwerde ,,Beschwerde ,,,,,,,,,,,,,,,,,,,,,,
,Fitnessstudio                                                                                                              Alle Mitarbeiterinnen und Mitarbeiter sollen 35 Euro weniger Gehalt bekommen. Dafür bezahlt die Fira die Mitgliesschaft im Fitnessstudio.,Beschwerde,,Beschwerde,,,Prospekthüllen,Prospekthüllen,,,Prospekthüllen,,,,,,Prospekthüllen,,,,,,,,,,,,,,,,,,,Prospekthüllen,,,,,,,,,,,,,,,,,,Prospekthüllen,,,,,,,,,,,,Briefumschläge  einige sind gefallen ,,Briefumschläge  einige sind gefallen ,,,,,,,,,,,,,,,,,,,,,,
,,,,,,,,,,,,,,,,,,,,,,,,,,,,,,,,,,,,,,,,,,,,,,,,,,,,,,,,,,,,,,,,,,,,,,,,,,,,,,,,,,,,,,,,,,
,,,,,,,,,,,,,,,,,,,,,,,,,,,,,,,,,,,,,,,,,,,,,,,,,,,,,,,,,,,,,,,,,,,,,,,,,,,,,,,,,,,,,,,,,,
,,,,,,,,,,,,,,,,,,,,,,,,,,,,,,,,,,,,,,,,,,,,,,,,,,,,,,,,,,,,,,,,,,14⁰⁰München ,,"9⁰⁰ Baden-Württemberg, Berlin, Lübeck, Hamburg, Bonn, Köln, Frankfurt, Niedersachsen, Düsseldorf, ",,,,,,,,,,,,,,,,,,,,,,
,,,,,,,,,,,,,,,,,,,,,,,,,,,,,,,,,,,,,,,,,,,,,,,,,,,,,,,,,,,,,,,,,,,6/14/2025,,,,,,,,,4/14/2025,,,,,,,,,,2/7/2025,,,,
,Die Geschäftsführung Ihrer Firma plant in Zukunft am Arbeitsplatz Privathandy Nutzung zu verboten. Dieses Verbot gilt jedoch nicht für Chefs. Handy nur an der Pause.,test 040321,,,,,,,,,,,,,,,,,,,,test 040321,test 040321,,,,test 040321,,,,,,test 040321,,,,,,,,,,,,,,,,test 040321,,,,,,,,,,,,,,test 040321,,,,test 040321,,,,,,,,,test 040321,,,,,,,,,,test 040321,,,,
,,Umzug ,,,,,,,,,,,,,,,,,,,,Umzug ,Umzug ,,,,Umzug ,,,,,,Umzug ,,,,,,,,,,,,,,,,Umzug ,,,,,,,,,,,,,,Umzug ,,,,Umzug,,,,,,,,,Umzug ,,,,,,,,,,Umzug ,,,,
,,T- notizen,,,,,,,,,,,,,,,,,,,,T- notizen,T- notizen,,,,T- notizen,,,,,,T- notizen,,,,,,,,,,,,,,,,T- notizen,,,,,,,,,,,,,,T- notizen,,,,T- notizen,,,,,,,,,T- notizen,,,,,,,,,,T-notizen,,,,
,,Hoffmann,,,,,,,,,,,,,,,,,,,,Hoffmann,Hoffmann,,,,Hoffmann,,,,,,Hoffmann,,,,,,,,,,,,,,,,Hoffmann,,,,,,,,,,,,,,Hofmann,,,,Hofmann Beschwerde ,,,,,,,,,Müller,,,,,,,,,,Hoffmann,,,,
,,Beschwerde ,,,,,,,,,,,,,,,,,,,,Beschwerde ,Beschwerde ,,,,Beschwerde ,,,,,,Beschwerde ,,,,,,,,,,,,,,,,Beschwerde ,,,,,,,,,,,,,,Beschwerde ,,,,Briefumschläge  einige sind gefallen ,,,,,,,,,,,,,,,,,,,,,,,
,"Die Geschäftsleitung plant, statt des 
Weihnachtsferien zu Weihnachten mit allen Mitarbeiter*innen und ihren Familien nach einer europäischen Stadt fahren.
",Umschläge,,,,,,,,,,,,,,,,,,,,Umschläge,Umschläge,,,,Umschläge,,,,,,Briefumschläge statt Prospekthüllen,,,,,,,,,,,,,,,,Briefumschläge statt Prospekthüllen,,,,,,,,,,,,,,Briefumschläge  einige sind gefallen ,,,,,,,,,,,,,,,,,,,,,,,,,,,
,,,,,,,,,,,,,,,,,,,,,,,,,,,,,,,,,,,,,,,,,,,,,,,,,,,,,,,,,,,,,,,,,,,,,,,,,,,,,,,,,,,,,,,,,,
,,,,,,,,,,,,,,,,,,,,,,,,,,,,,,,,,,,,,,,,,,,,,,,,,,,,,,,,,,,,,,,,,,,,,,,,,,,,,,,,,,,,,,,,,,
,,,,,,,,,,,,,,,,,,,,,,,,,,,,,,,,,,,,,,,,,,,,,,,,,,,,,,,,,,,,,,,11⁴⁵ Köln ,,,,Bonn ,,,,,,,,,Hessen ,,,,,,,,,,,,,,
,,,,,,,,,,,,,,,,,,,,,,,,,,,,,,,,,,,,,,,,,,,,,,,,,,,,,,,,,,,,,,,,,,6/27/2025,,,,,,,,,,,,,,,,,,,,,,,,
,"Die Firma plant, jedes Jahr einen
""Mitarbeiterin des Jahres"" zu wählen. Der oder die Gewinner*in erhält eine finanzielle Belohnung.
",test 050301,,test 050301,test 050301,,test 050301,,,,,,test 050301,,,,,,,,,,,,,,,,,,,,,,,,,,,,,,,,,,,,,,,,,,,,,,,,,,,,,test 050301,,,,,,,,,,,,,,,,,,,,,,,,
,,Spülmaschine,,Spülmaschine,Spülmaschine,,Spülmaschine,,,,,,Spülmaschine,,,,,,,,,,,,,,,,,,,,,,,,,,,,,,,,,,,,,,,,,,,,,,,,,,,,,Spülmaschine,,,,,,,,,,,,,,,,,,,,,,,,
,,,,T-notizen,T-notizen,,T-notizen,,,,,,,,,,,,,,,,,,,,,,,,,,,,,,,,,,,,,,,,,,,,,,,,,,,,,,,,,,,,,,,,,,,,,,,,,,,,,,,,,,,
,,,,,,,Strauß,,,,,,,,,,,,,,,,,,,,,,,,,,,,,,,,,,,,,,,,,,,,,,,,,,,,,,,,,,,,,,,,,,,,,,,,,,,,,,,,,,,
,,,,,,,"Premiumpapier/150шт/19,99",,,,,,,,,,,,,,,,,,,,,,,,,,,,,,,,,,,,,,,,,,,,,,,,,,,,,,,,,,,,,,,,,,,,,,,,,,,,,,,,,,,
,"Alle Mitarbeiterinnen und Mitarbeiter in Ihrer Firma verpflichtet ein Spanischkurs machen, weil die Firma möchte in Spanien eine neue Stelle eröffnen und die Firma bezahlen vor die Kurs.",,,,,,Angebot,,,,,,,,,,,,,,,,,,,,,,,,,,,,,,,,,,,,,,,,,,,,,,,,,,,,,,,,,,,,,,,,,,,,,,,,,,,,,,,,,,,
,,,,,,,,,,,,,,,,,,,,,,,,,,,,,,,,,,,,,,,,,,,,,,,,,,,,,,,,,,,,,,,,,,,,,,,,,,,,,,,,,,,,,,,,,,
,,,,,,,,,,,,,,,,,,,,,,,,,,,,,,,,,,,,,,,,,,,,,,,,,,,,,,,,,,,,,,,,,,,,,,,,,,,,,,,,,,,,,,,,,,
,,,,,,,,,,,,,,,,,,,,,,,,,,,,,,,,,,,,,,,,,,,,,,,,,,,,,,,,,,,,,,,,,,Sachsen ,,,,,,,,,,,,,,,,,,,,,,,,
,,,,,,,,,,,,,,,,,,,,,,,,,,,,,,,,,,,,,,,,,,,,,,,,,,,,,,,,,,,,,,,,,,,,6/13/2025,,,,,,,,,,,,,,,,,,,,,,
,"Alle Mitarbeiter in ihrer Firma sollen einen/eine Kolleg*in von jeder Abteilung auswählen, der/die für 6 Monaten nach Italien geht, um neue Kollegen*inen im Firmenstandort einzuarbeiten.",test 050321,,test 050321,test 050321,test 050321,test 050321,test 050321,test 050321,,,test 050321,,,,,,,,,,,,,,,,,,,,,,,,,test 050321,,,,,,,,,,,,test 050321,,,,,test 050321,,,test 050321,,,,,,,,,,,test 050321,,,,,test 050321,,,,,,,,,,,,,,,,,
,,Spülmaschine ,,Spülmaschine ,Spülmaschine ,Spülmaschine ,,Spülmaschine ,Spülmaschine ,,,Spülmaschine ,,,,,,,,,,,,,,,,,,,,,,,,,Spülmaschine ,,,,,,,,,,,,Spülmaschine ,,,,,Spülmaschine ,,,Spülmaschine ,,,,,,,,,,,Spülmaschine ,,,,,Spülmaschine ,,,,,,,,,,,,,,,,,
,,T-notizen,,T-notizen,T-notizen,T-notizen,T-notizen,T-notizen,T-notizen,,,T-notizen,,,,,,,,,,,,,,,,,,,,,,,,,T-notizen,,,,,,,,,,,,T-notizen,,,,,T-notizen,,,T-notizen,,,,,,,,,,,T-notizen,,,,,T-notizen,,,,,,,,,,,,,,,,,
,,Strauß Angebot,,,,,,,Strauß ,,,Strauß Angebot,,,,,,,,,,,,,,,,,,,,,,,,,Strauß Angebot,,,,,,,,,,,,,,,,,Strauß Angebot,,,,,,,,,,,,,,Strauß Angebot ,,,,,новый??,,,,,,,,,,,,,,,,,
,,Premiumpapier,,,,,,Premiumpapier,Premiumpapier,,,Premiumpapier,,,,,,,,,,,,,,,,,,,,,,,,,Premiumpapier,,,,,,,,,,,,Premiumpapier,,,,,Premiumpapier,,,Premiumpapier,,,,,,,,,,,Premiumpapier,,,,,,,,,,,,,,,,,,,,,,
,"Alle Mitarbeiter in der Firma sollen keine festangestellten Kollegen erhalten. Die Firma leiht sich bei Bedarf Mitarbeiter von externen Firmen, um Stellen zu besetzen.",,,,,,,,Angebot,,,,,,,,,,,,,,,,,,,,,,,,,,,,,,,,,,,,,,,,,,,,,,,,,,,,,,,,,,,,,,,,,,,,,,,,,,,,,,,,,
,,,,,,,,,,,,,,,,,,,,,,,,,,,,,,,,,,,,,,,,,,,,,,,,,,,,,,,,,,,,,,,,,,,,,,,,,,,,,,,,,,,,,,,,,,
,,,,,,,,,,,,,,,,,,,,,,,,,,,,,,,,,,,,,,,,,,,,,,,,,,,,,,,,,,,,,,,,,,,,,,,,,,,,,,,,,,,,,,,,,,
,,Mündlich 100101,,,,,,Mündlich 100101,,,,,,,,,,,,,,,,,,,,,,,,,,,,,,,,,,,,,,,,,,,,,,,,,,,,,,,,,,,,13⁰⁰ Berlin ,,,,,Augsburg (BA),,,,,,,,,,,,,,,,,
,,,,,,,,,,,,,,,,,,,,,,,,,,,,,,,,,,,,,,,,,,,,,,,,,,,,,,,,,,,,,,,,,,,,,,,,,,,,,,,,,,,,,,,,,,
,"21 Für alle Mitarbeiterinnen und Mitarbeiter, die nachts arbeiten, hat ",test 060201,,,,,,,,,,,,,,,,,,,,,,,,,,,,,,,,,,,,,,,,,,,,,,,,,,,,,,,,,,,,,,,,,,,,,,,,,,,,,,,,,,,,,,,,
,"die Firma einen Kita eingerichtet, der 24 bis 7 Uhr funktioniert.",Umzug,,,,,,,,,,,,,,,,,,,,,,,,,,,,,,,,,,,,,,,,,,,,,,,,,,,,,,,,,,,,,,,,,,,,,,,,,,,,,,,,,,,,,,,,
," (24 Stunden Kinderbetreuung)
",,,,,,,,,,,,,,,,,,,,,,,,,,,,,,,,,,,,,,,,,,,,,,,,,,,,,,,,,,,,,,,,,,,,,,,,,,,,,,,,,,,,,,,,,
,,,,,,,,,,,,,,,,,,,,,,,,,,,,,,,,,,,,,,,,,,,,,,,,,,,,,,,,,,,,,,,,,,,,,,,,,,,,,,,,,,,,,,,,,,
,,,,,,,,,,,,,,,,,,,,,,,,,,,,,,,,,,,,,,,,,,,,,,,,,,,,,,,,,,,,,,,,,,,,,,,,,,,,,,,,,,,,,,,,,,
,22 Alle Mitarbeiterinnen und Mitarbeiter sollen in der Firma am ,,,,,,,,,,,,,,,,,,,,,,,,,,,,,,,,,,,,,,,,,,,,,,,,,,,,,,,,,,,,,,,,,,,,,,,,,,,,,,,,,,,,,,,,,
,"Samstag beschäftigt sein, dafür bekommen sie kostenloses Essen.",,,,,,,,,,,,,,,,,,,,,,,,,,,,,,,,,,,,,,,,,,,,,,,,,,,,,,,,,,,,,,,,,,,,,,,,,,,,,,,,,,,,,,,,,
,,,,,,,,,,,,,,,,,,,,,,,,,,,,,,,,,,,,,,,,,,,,,,,,,,,,,,,,,,,,,,,,,,,,,,,,,,,,,,,,,,,,,,,,,,
,,,,,,,,,,,,,,,,,,,,,,,,,,,,,,,,,,,,,,,,,,,,,,,,,,,,,,,,,,,,,,,,,,,,,,,,,,,,,,,,,,,,,,,,,,
,,,,,,,,,,,,,,,,,,,,,,,,,,,,,,,,,,,,,,,,,,,,,,,,,,,,,,,,,,,,,,7/25/2025,,,,,,,,,,,,,,,,,,,,,,,,,,,,
,"Thema A: ""Die Schließung der Kantine""
Alle Mitarbeiterinnen und Mitarbeiter in Ihren Firma sollen zukünftig nicht mehr in der Kantine essen können. Diese wird geschlossen. Stattdessen werden Essenmarken für verschiedene Restaurants in der Nähe ausgegeben.
",test 060301,,,test 060301,test 060301,test 060301,,,,,,,test 060301,test 060301,,,,,,,,,,,,,,,,,,,,test 060301,,,,,,,,,,,,,,,,,,,,,,,,,,,test 060301,,,,,,,,,,,,,,,,,,,,,,,,,,,,
,,Umzug,,,Umzug,Umzug,Umzug,,,,,,,Umzug,Umzug,,,,,,,,,,,,,,,,,,,,Umzug,,,,,,,,,,,,,,,,,,,,,,,,,,,Umzug Kienzle ,,,,,,,,,,,,,,,,,,,,,,,,,,,,
,,T-notizen,,,T-notizen,T-notizen,T-notizen,,,,,,,T-notizen,T-notizen,,,,,,,,,,,,,,,,,,,,T-notizen,,,,,,,,,,,,,,,,,,,,,,,,,,,T-notizen,,,,,,,,,,,,,,,,,,,,,,,,,,,,
,,Bestellung ,,,Bestellung ,Bestellung ,Bestellung ,,,,,,,,Bestellung ,,,,,,,,,,,,,,,,,,,,Bestellung ,,,,,,,,,,,,,,,,,,,,,,,,,,,Bestellung ,,,,,,,,,,,,,,,,,,,,,,,,,,,,
,"Thema B: ""Sparpläne""
Alle Mitarbeiterinnen und Mitarbeiter in Ihren Firma sollen zukünftig ihre Büros erst ab Oktober heizen und die Raumtemperatur auf maximal 19°C begrenzen. Das Unternehmen möchte damit die Energiekosten reduzieren.
",Müller ,,,,Müller,Müller,,,,,,,Müller ,,,,,,,,,,,,,,,,,,,,,Müller/Möller ; Menü N,,,,,,,,,,,,,,,,,,,,,,,,,,,Müller ; Menü N3,,,,,,,,,,,,,,,,,,,,,,,,,,,,
,,Tisch für 4/5??? Pers.,,,Tisch in einem Restaurant ,Tisch in einem Restaurant ,Tisch in einem Restaurant ,,,,,,,,Tisch für 4/5 Pers.,,,,,,,,,,,,,,,,,,,,Tisch für 4/5 Pers.,,,,,,,,,,,,,,,,,,,,,,,,,,,Tisch für 4 Pers.,,,,,,,,,,,,,,,,,,,,,,,,,,,,
,,Parkplätze?,,,,,,,,,,,,,Parkplätze?,,,,,,,,,,,,,,,,,,,,Parkplätze?,,,,,,,,,,,,,,,,,,,,,,,,,,,Parkplätze?,,,,,,,,,,,,,,,,,,,,,,,,,,,,
,,menü N3,,,,,,,,,,,,,,,,,,,,,,,,,,,,,,,,,,,,,,,,,,,,,,,,,,,,,,,,,,,,"14⁰⁰ München, Bremen, Bayern, ",,,,,,,,,,,,,,,,,,,,,,,,,,,,
,,Mündlich 060101/050201,,,Mündlich 050201,,,,,,,,,Mündlich 060101,,,,,,,,,,,,,,,,,,,,,,,,,,,,,,,,,,,,,,,,,,,,,,,,"9⁰⁰ Köln, München, Sachsen, Hamburg, NRW, Düsseldorf, Leipzig, Vechta, Singen, Koblenz, Saarbrücken, Brandenburg, Chemnitz, ",,,,,,,,,,,,,,,,,,,,,,,,,,,,
,,,,,,,,,,,,,,,,,,,,,,,,,,,,,,,,,,,,,,,,,,,,,,,,,,,,,,,,,,,,,7/26/2025,,,,,,,,,,,5/16/2025,,,,4/14/2025,,,,,,,,,,,,,,
,"Alle Mitarbeitenden müssen die verbleibenden Urlaubstage bis zum Ende eines jeden Jahres verbraucht werden, sonst verfallen sie. /Все сотрудники должны использовать свой отпуск до конца года, так как его нельзя перенести на следующий год.",test 060321,,test 060321,test 060321,,,test 060321,test 060321,,,,test 060321,test 060321,test 060321,test 060321,,,,test 060321,,,,,,,,,,,,,,,,,,,,,,,,,,test 060321,,,,,,,,,,,,,,,test 060321,,,,,,,,,,,test 060321,,,,test 060321,,,,,,,,,,,,,,
,,Umzug,,Umzug,Umzug,,,Umzug,Umzug,,,,Umzug,Umzug,Umzug,Umzug,,,,Umzug,,,,,,,,,,,,,,,,,,,,,,,,,,Umzug,,,,,,,,,,,,,,,Umzug,,,,,,,,,,,Umzug,,,,Umzug,,,,,,,,,,,,,,
,,T-notizen,,T-notizen,T-notizen,,,T-notizen,T-notizen,,,,T-notizen,T-notizen,T-notizen,T-notizen,,,,T-notizen,,,,,,,,,,,,,,,,,,,,,,,,,,T-notizen,,,,,,,,,,,,,,,T-notizen,,,,,,,,,,,T-notizen,,,,T-notizen,,,,,,,,,,,,,,
,,Buchung ,,Buchung ,Buchung ,,,Buchung ,Buchung ,,,,,,,Buchung ,,,,Buchung ,,,,,,,,,,,,,,,,,,,,,,,,,,Buchung ,,,,,,,,,,,,,,,Buchung ,,,,,,,,,,,Buchung ,,,,Buchung ,,,,,,,,,,,,,,
,,Mueller ,,,,,,Müller,Müller,,,,,,,Müller/Mueller ,,,,Müller/Mueller ,,,,,,,,,,,,,,,,,,,,,,,,,,Müller/Mueller ,,,,,,,,,,,,,,,Mueller Menü N2,,,,,,,,,,,Mueller ,,,,Mueller ,,,,,,,,,,,,,,
,Alle Mitarbeitenden sollen nicht eigene Geräte im Büro aufladen und nur Geräte von der Firma verwenden./ Личный телефоны и остальные электроприборы запрещено заряжать. Работники могут пользоваться и заряжать только рабочие электроприборы.,,,Tisch für,Tisch für,,,Tisch für 6 Pers.,Tisch für 6 Pers.,,,,,,,,,,,Tisch für 6 Pers.,,,,,,,,,,,,,,,,,,,,,,,,,,Tisch für 6 Pers.,,,,,,,,,,,,,,,Tisch für 6 Pers.,,,,,,,,,,,,,,,,,,,,,,,,,,,,,
,,,,,,,,,,,,,,,,,,,,,,,,,,,,,,,,,,,,,,,,,,,,,,Mittagmorgen 12⁰⁰,,,,,,,,,,,,,,,Montag 12⁰⁰,,,,,,,,,,,,,,,,,,,,,,,,,,,,,
,,,,,,,,,,,,,,,,,,,,,,,,,,,,,,,,,,,,,,,,,,,,,,Parkplätze?,,,,,,,,,,,,,,,Parkplätze?,,,,,,,,,,,,,,,,,,,,,,,,,,,,,
,,,,,,,,,,,,,,,,,,,,,,,,,,,,,,,,,,,,,,,,,,,,,,,,,,,,,,,,,,,,,9⁰⁰ NRW ,,,,,,,,,,,?,,,,Vormittag ,,,,,,,,,,,,,,
,,,,,,,,,,,,,,,,,,,,,,,,,,,,,,,,,,,,,,,,,,,,,,,,,,,,,,,,,,,,,,,,,,,,,,,,,,,,,,,,,,,,,,,,,,
,25 Alle Mitarbeiterinnen und Mitarbeiter sollen samstags 2 Mal ,test 070201,,,,,,,,,,,,,,,,,,,,,,,,,,,,,,,,,,,,,,,,,,,,,,,,,,,,,,,,,,,,,,,,,,,,,,,,,,,,,,,,,,,,,,,,
,pro Jahr an Fortbildungen teilnehmen. Zusätzlich bekommen sie ,Reinigung ,,,,,,,,,,,,,,,,,,,,,,,,,,,,,,,,,,,,,,,,,,,,,,,,,,,,,,,,,,,,,,,,,,,,,,,,,,,,,,,,,,,,,,,,
,"einen Urlaubstag.
",,,,,,,,,,,,,,,,,,,,,,,,,,,,,,,,,,,,,,,,,,,,,,,,,,,,,,,,,,,,,,,,,,,,,,,,,,,,,,,,,,,,,,,,,
,,,,,,,,,,,,,,,,,,,,,,,,,,,,,,,,,,,,,,,,,,,,,,,,,,,,,,,,,,,,,,,,,,,,,,,,,,,,,,,,,,,,,,,,,,
,,,,,,,,,,,,,,,,,,,,,,,,,,,,,,,,,,,,,,,,,,,,,,,,,,,,,,,,,,,,,,,,,,,,,,,,,,,,,,,,,,,,,,,,,,
,"26 Um die Mitarbeiterbindung zu stärken, möchte unsere Firma ",,,,,,,,,,,,,,,,,,,,,,,,,,,,,,,,,,,,,,,,,,,,,,,,,,,,,,,,,,,,,,,,,,,,,,,,,,,,,,,,,,,,,,,,,
,in Zukunft den Mitarbeiterinnen und Mitarbeitern alle 5 Jahre ,,,,,,,,,,,,,,,,,,,,,,,,,,,,,,,,,,,,,,,,,,,,,,,,,,,,,,,,,,,,,,,,,,,,,,,,,,,,,,,,,,,,,,,,,
,den Urlaub um einen Tag verlängern,,,,,,,,,,,,,,,,,,,,,,,,,,,,,,,,,,,,,,,,,,,,,,,,,,,,,,,,,,,,,,,,,,,,,,,,,,,,,,,,,,,,,,,,,
,,,,,,,,,,,,,,,,,,,,,,,,,,,,,,,,,,,,,,,,,,,,,,,,,,,,,,,,,,,,,,,,,,,,,,,,,,,,,,,,,,,,,,,,,,
,,,,,,,,,,,,,,,,,,,,,,,,,,,,,,,,,,,,,,,,,,,,,,,,,,,,,,,,,,,,,,,,,,,,,,,,,5/3/2025,,,,,,,,,,,,,,,,,
,"""Zusätliche Urlaubstage"". 
Alle Mitarbeiterinnen und Mitarbeiter in Ihrer Firma sollen für besonders gute Arbeitsleistungen nicht mehr wie bisher eine Bonuszahlung erhalten. Stattdessen bekommen sie zusätliche Urlaubstage.
",test 070301,,,,test 070301,test 070301,,,,,,test 070301,,test 070301,test 070301,,test 070301,,,,,,,,,,,,,,,,,test 070301,,,,,test 070301,,,,,,,,,,,,,,,,,,,,,,,,,,,,,,,,,test 070301,,,,,,,,,,,,,,,,,
,,Reinigung ,,,,Reinigung ,Reinigung ,,,,,,Reinigung ,,Reinigung ,Reinigung ,,Reinigung ,,,,,,,,,,,,,,,,,Reinigung ,,,,,Reinigung ,,,,,,,,,,,,,,,,,,,,,,,,,,,,,,,,,Reinigung ,,,,,,,,,,,,,,,,,
,,T-notizen,,,,T-notizen,T-notizen,,,,,,T-notizen,,T-notizen,T-notizen,,T-notizen,,,,,,,,,,,,,,,,,T-notizen,,,,,T-notizen,,,,,,,,,,,,,,,,,,,,,,,,,,,,,,,,,T-notizen,,,,,,,,,,,,,,,,,
,,Müller ,,,,,,,,,,,,,,Müller,,Müller/Möller ; Menü N 4,,,,,,,,,,,,,,,,,Müller/Möller ; Menü N 4,,,,,Müller,,,,,,,,,,,,,,,,,,,,,,,,,,,,,,,,,Müller,,,,,,,,,,,,,,,,,
,,Buchung ,,,,,,,,,,,,,,,,Tisch für 2+1 Pers.,,,,,,,,,,,,,,,,,Tisch für 2+1 Pers.,,,,,Buchung ,,,,,,,,,,,,,,,,,,,,,,,,,,,,,,,,,Buchung ,,,,,,,,,,,,,,,,,
," ""Soziales Engagement""
Alle Mitarbeiterinnen und Mitarbeiter in Ihrer Firma  sollen sich anstelle eines Betriebsausflugs dieses Jahr an einem sozialen Tag gemeinsam ehrenamtlich engagieren. Auch dieser Tag zählt als Arbeitszeit.
",,,,,,,,,,,,,,,,,Buchung ,,,,,,,,,,,,,,,,,Buchung ,,,,,,,,,,,,,,,,,,,,,,,,,,,,,,,,,,,,,,,,,,,,,,,,,,,,,,,
,,,,,,,,,,,,,,,,,,,,,,,,,,,,,,,,,,,,,,,,,,,,,,,,,,,,,,,,,,,,,,,,,,,,,,,,,,,,,,,,,,,,,,,,,,
,,,,,,,,,,,,,,,,,,,,,,,,,,,,,,,,,,,,,,,,,,,,,,,,,,,,,,,,,,,,,,,,,,,,,,,,,,,,,,,,,,,,,,,,,,
,,,,,,,,,,,,,,,,,,,,,,,,,,,,,,,,,,,,,,,,,,,,,,,,,,,,,,,,,,,,,,,,,,,,,,,,,9⁰⁰München (BA),,,,,,,,,,,,,,,,,
,,,,,,,,,,,,,,,,,,,,,,,,,,,,,,,,,,,,,,,,,,,,,,,,,,,,,,,,,,,,,,,,,,,,,,,,,5/3/2025,,,,,,,,,,,,,,,,,
,"Thema Erste-Hilfe-Kurs 
Die Geschäftsleitung mochte, dass alle Mitarbeiter am WE einen verpflichtenden Erste-Hilfe-Kurs absolvieren. Der Kurs wird vom Unternehmen bezahlt.  Die Mitarbeiter können anschließend unter der Woche einen ",test 070321,,test 070321,,,test 070321,,test 070321,,,test 070321,,,,test 070321,,,test 070321,,,,,test 070321,,,,,,,,,,,,,,,,,,,,,,,,,test 070321,,,,,test 070321,,,,test 070321,,test 070321,,,,,,,,,,,,,,,,,,,,,,,,,,,,,,
,,Reinigung ,,Reinigung ,,,Reinigung ,,Reinigung ,,,Reinigung ,,,,Reinigung ,,,Reinigung ,,,,,Reinigung ,,,,,,,,,,,,,,,,,,,,,,,,,Reinigung ,,,,,Reinigung ,,,,Reinigung ,,Reinigung ,,,,,,,,,,,,,,,,,,,,,,,,,,,,,,
,,T-notizen,,T-notizen,,,T-notizen,,T-notizen,,,T-notizen,,,,T-notizen,,,T-notizen,,,,,T-notizen,,,,,,,,,,,,,,,,,,,,,,,,,T-notizen,,,,,T-notizen,,,,T-notizen,,T-notizen,,,,,,,,,,,,,,,,,,,,,,,,,,,,,,
,,Müller,,,,,,,Müller,,,,,,,Müller,,,Müller,,,,,Müller,,,,,,,,,,,,,,,,,,,,,,,,,,,,,,,,,,,,Müller,,,,,,,,,,,,,,,,,,,,,,,,,,,,,,
,,Buchung ,,,,,,,Buchung ,,,,,,,Buchung ,,,Buchung ,,,,,Buchung ,,,,,,,,,,,,,,,,,,,,,,,,,Buchung ,,,,,Buchung ,,,,Buchung ,,Buchung ,,,,,,,,,,,,,,,,,,,,,,,,,,,,,,
,"Thema Kommunikationstraining
  Die Geschäftsleitung mochte, dass alle Mitarbeiter an einem verpflichtenden Kommunikationstraining teilnehmen. Aufgrund der derzeit hohen Arbeitsbelastung wird der Kurs an den Wochenenden durchgeführt. 
",Tischreservierung,,,,,,,Tischreservierung,,,,,,,Tischreservierung,,,Tischreservierung,,,,,Tischreservierung/ Menü 1,,,,,,,,,,,,,,,,,,,,,,,,,Tischreservierung,,,,,Tischreservierung,,,,Tischreservierung,,Tischreservierung,,,,,,,,,,,,,,,,,,,,,,,,,,,,,,
,,Parkplätze?,,,,,,,Parkplätze?,,,,,,,Parkplätze?,,,Parkplätze?,,,,,Parkplätze?,,,,,,,,,,,,,,,,,,,,,,,,,Parkplätze?,,,,,Parkplätze?,,,,Parkplätze?,,Parkplätze?,,,,,,,,,,,,,,,,,,,,,,,,,,,,,,
,,,,,,,,,,,,,,,,,,,,,,,,,,,,,,,,,,,,,,,,,,,,,,,,,,,,,,,,,,,,,,,,,,,,,,,,,,,,,,,,,,,,,,,,,,
,,,,,,,,,,,,,,,,,,,,,,,,,,,,,,,,,,,,,,,,,,,,,,,,,,,,,,,,,,,,,,,,,,,,,,,,,,,,,,,,,,,,,,,,,,
,,,,,,,,,,,,,,,,,,,,,,,,,,,,,,,,,,,,,,,,,,,,,,,,,,,,,,,,,,,,,,,,,,,,,,,,,,,,,,,,,,,,,,,,,,
,29 Alle Mitarbeiterinnen und Mitarbeiter in ihre Firma sollen ein ,test 080101,,,,,,,,,,,,,,,,,,,,,,,,,,,,,,,,,,,,,,,,,,,,,,,,,,,,,,,,,,,,,,,,,,,,,,,,,,,,,,,,,,,,,,,,
,Firmenhandy bekommen Dafür müssen sie bereit sein 24 Stunden ,Webseite,,,,,,,,,,,,,,,,,,,,,,,,,,,,,,,,,,,,,,,,,,,,,,,,,,,,,,,,,,,,,,,,,,,,,,,,,,,,,,,,,,,,,,,,
,auf Nachrichten zu reagieren.,T-notizen,,,,,,,,,,,,,,,,,,,,,,,,,,,,,,,,,,,,,,,,,,,,,,,,,,,,,,,,,,,,,,,,,,,,,,,,,,,,,,,,,,,,,,,,
,,Müller ,,,,,,,,,,,,,,,,,,,,,,,,,,,,,,,,,,,,,,,,,,,,,,,,,,,,,,,,,,,,,,,,,,,,,,,,,,,,,,,,,,,,,,,,
,,Buchung ,,,,,,,,,,,,,,,,,,,,,,,,,,,,,,,,,,,,,,,,,,,,,,,,,,,,,,,,,,,,,,,,,,,,,,,,,,,,,,,,,,,,,,,,
,30 Alle Mitarbeiterinnen und Mitarbeiter Ihrer Firma sollen ,,,,,,,,,,,,,,,,,,,,,,,,,,,,,,,,,,,,,,,,,,,,,,,,,,,,,,,,,,,,,,,,,,,,,,,,,,,,,,,,,,,,,,,,,
,am Wochenende und an Feiertagen arbeiten. Zusätzlich bekommen ,,,,,,,,,,,,,,,,,,,,,,,,,,,,,,,,,,,,,,,,,,,,,,,,,,,,,,,,,,,,,,,,,,,,,,,,,,,,,,,,,,,,,,,,,
,sie vier Urlaubstagen.,,,,,,,,,,,,,,,,,,,,,,,,,,,,,,,,,,,,,,,,,,,,,,,,,,,,,,,,,,,,,,,,,,,,,,,,,,,,,,,,,,,,,,,,,
,,,,,,,,,,,,,,,,,,,,,,,,,,,,,,,,,,,,,,,,,,,,,,,,,,,,,,,,,,,,,,,,,,,,,,,,,,,,,,,,,,,,,,,,,,
,,,,,,,,,,,,,,,,,,,,,,,,,,,,,,,,,,,,,,,,,,,,,,,,,,,,,,,,,,,,,,,,,,,,,,,,,,,,,,,,,,,,,,,,,,
,"Alle Mitarbeitenden in Ihrer Firma sollen spätestens bis Oktober dieses Jahr Bescheid geben, wann sie ihr Urlaub nächstes Jahr haben möchte.",test 080201,,test 080201,,,,,,test 080201,,,,test 080201,,,,,,,,,,,test 080201,,,,test 080201,,,,,,,,,,,,,,,,,,,test 080201,,,,,,,,,,,,,,,,,,,,,,,,test 080201,,,,,,,,,,,,,,,,,,
,,Webseite,,Webseite,,,,,,Webseite,,,,Webseite,,,,,,,,,,,Webseite,,,,Webseite,,,,,,,,,,,,,,,,,,,Webseite,,,,,,,,,,,,,,,,,,,,,,,,Webseite,,,,,,,,,,,,,,,,,,
,,T-notizen,,T-notizen,,,,,,T-notizen,,,,T-notizen,,,,,,,,,,,T-notizen,,,,T-notizen,,,,,,,,,,,,,,,,,,,T-notizen,,,,,,,,,,,,,,,,,,,,,,,,T-notizen,,,,,,,,,,,,,,,,,,
,,Schmidt,,,,,,,,Patricia Schmidt,,,,,,,,,,,,,,,Patricia Schmidt,,,,,,,,,,,,,,,,,,,,,,,Schmitt,,,,,,,,,,,,,,,,,,,,,,,,Schmidt,,,,,,,,,,,,,,,,,,
,,Angebot,,Autovermietung,,,,,,Autovermietung,,,,,,,,,,,,,,,Automietung/ 75 E pro Tag,,,,Automietung,,,,,,,,,,,,,,,,,,,Automietung,,,,,,,,,,,,,,,,,,,,,,,,Beschwerde,,,,,,,,,,,,,,,,,,
,Alle Mitarbeitenden in Ihrer Firma sollen während Arbeitszeit Hemden/Blusen  in roten/weißen Firmenfarben tragen. Diese Kleidung müssen sie privat anschaffen.,Autovermietung,,Angebot,,,,,,Angebot,,,,,,,,,,,,,,,Angebot,,,,Angebot,,,,,,,,,,,,,,,,,,,Angebot,,,,,,,,,,,,,,,,,,,,,,,,,,,,,,,,,,,,,,,,,,
,,,,,,,,,,,,,,,,,,,,,,,,,,,,,,,,,,,,,,,,,,,,,,,,,,,,,,,,,,,,,,,,,,,,,,,,,,,,,,,,,,,,,,,,,,
,,,,,,,,,,,,,,,,,,,,,,,,,,,,,,,,,,,,,,,,,,,,,,,,,,,,,,,,,,,,,,,,,,,,,,,,,,,,,,,,,,,,,,,,,,
,,,,,,,,,,,,,,,,,,,,,,,,,,,,,,,,,,,,,,,,,,,,,,,,13.00,,,,,,,,,,,,,,,,,,,,,,,,Niedersachsen ,,,,,,,,,,,,,,,,,,
,,,,,,,,,,,,,,,,,,,,,,,,,,,,,,,,,,,,,,,,,,,,,,,,,,,,,,,,,,,,,,,,,,,,,,,,,,,,,,,,,,,,,,,,,,
,"Privathandy nur in den Pausen
 Alle Mitarbeiterinnen und Mitarbeiter der Firma sollten ihre Mobiltelefone während der Arbeitszeit im Aufenthaltsraum aufbewahren. 
Privathandy sind nur in den Pausen gestattet.

",test 080221,,,,test 080221,,test 080221,test 080221,test 080221,test 080221,,,test 080221,,,,test 080221,,,,,,,,,,,,,,,,,,,,,,,,,,,,,,,,,,,,,,,test 080221,test 080221,,,,,,,,,,,,,,,,,,,,,,,,,,,,,,,,
,,Webseite,,,,,,Webseite,Webseite,Webseite,Webseite,,,Webseite,,,,Webseite,,,,,,,,,,,,,,,,,,,,,,,,,,,,,,,,,,,,,,,Webseite,Webseite,,,,,,,,,,,,,,,,,,,,,,,,,,,,,,,,
,,T-notizen,,,,T-notizen,,T-notizen,T-notizen,T-notizen,T-notizen,,,T-notizen,,,,T-notizen,,,,,,,,,,,,,,,,,,,,,,,,,,,,,,,,,,,,,,,T-notizen,T-notizen,,,,,,,,,,,,,,,,,,,,,,,,,,,,,,,,
,,Schmidt,,,,,,Schmidt,Schmidt,,Schmidt,,,,,,,Schmidt,,,,,,,,,,,,,,,,,,,,,,,,,,,,,,,,,,,,,,,Angebot,Angebot,,,,,,,,,,,,,,,,,,,,,,,,,,,,,,,,
,"Homeoffice, nur 1 Tag pro Woche
Alle Mitarbeiterinnen und Mitarbeiter der Firma sollen künftig an vier Tagen pro Woche im Office arbeiten. Die Arbeit von zu Hause ist nur noch an einem Tag möglich.
",Angebot,,,,,,Angebot,Angebot,,Angebot,,,,,,,Angebot,,,,,,,,,,,,,,,,,,,,,,,,,,,,,,,,,,,,,,,Automietung,Automietung,,,,,,,,,,,,,,,,,,,,,,,,,,,,,,,,
,,Automietung,,,,,,Automietung,Automietung,,Automietung,,,,,,,Automietung,,,,,,,,,,,,,,,,,,,,,,,,,,,,,,,,,,,,,,,,,,,,,,,,,,,,,,,,,,,,,,,,,,,,,,,,
,,,,,,,,,,,,,,,,,,,,,,,,,,,,,,,,,,,,,,,,,,,,,,,,,,,,,,,,,,,,,,,,,,,,,,,,,,,,,,,,,,,,,,,,,,
,,,,,,,,,,,,,,,,,,,,,,,,,,,,,,,,,,,,,,,,,,,,,,,,,,,,,,,,,,,,,,,,,,,,,,,,,,,,,,,,,,,,,,,,,,
,,,,,,,,,,,,,,,,,,,,,,,,,,,,,,,,,,,,,,,,,,,,,,,,,,,,,,,,,,,,,,,,,,,,,,,,,,,,,,,,,,,,,,,,,,
,,,,,,,,,,,,,,,,,,,,,,,,,,,,,,,,,,,,,,,,,,,,,,,,,,,,,,,,,,,,,,,,,,,,,,,,,,,,,,,,,,,,,,,,,,
,31 Alle Mitarbeiterinnen und Mitarbeiter in Ihrer Firma sollen an ,test 090101,,,,,,,,,,,,,,,,,,,,,,,,,,,,,,,,,,,,,,,,,,,,,,,,,,,,,,,,,,,,,,,,,,,,,,,,,,,,,,,,,,,,,,,,
,der kostenfreien Weiterbildung “Erfolgreich mit den Kunden ,Reinigung ,,,,,,,,,,,,,,,,,,,,,,,,,,,,,,,,,,,,,,,,,,,,,,,,,,,,,,,,,,,,,,,,,,,,,,,,,,,,,,,,,,,,,,,,
,"kommunizieren” teilnehmen, die in der Arbeitszeit stattfinden wird.
",,,,,,,,,,,,,,,,,,,,,,,,,,,,,,,,,,,,,,,,,,,,,,,,,,,,,,,,,,,,,,,,,,,,,,,,,,,,,,,,,,,,,,,,,
,,,,,,,,,,,,,,,,,,,,,,,,,,,,,,,,,,,,,,,,,,,,,,,,,,,,,,,,,,,,,,,,,,,,,,,,,,,,,,,,,,,,,,,,,,
,,,,,,,,,,,,,,,,,,,,,,,,,,,,,,,,,,,,,,,,,,,,,,,,,,,,,,,,,,,,,,,,,,,,,,,,,,,,,,,,,,,,,,,,,,
,32 Alle Mitarbeiterinnen und Mitarbeiter in Ihrer Firma sollen ,,,,,,,,,,,,,,,,,,,,,,,,,,,,,,,,,,,,,,,,,,,,,,,,,,,,,,,,,,,,,,,,,,,,,,,,,,,,,,,,,,,,,,,,,
,"die Möglichkeit erhalten, mehr Stunden im Homeoffice zu verbringen, ",,,,,,,,,,,,,,,,,,,,,,,,,,,,,,,,,,,,,,,,,,,,,,,,,,,,,,,,,,,,,,,,,,,,,,,,,,,,,,,,,,,,,,,,,
,um Familie und Beruf besser miteinander vereinbaren zu können.,,,,,,,,,,,,,,,,,,,,,,,,,,,,,,,,,,,,,,,,,,,,,,,,,,,,,,,,,,,,,,,,,,,,,,,,,,,,,,,,,,,,,,,,,
,,,,,,,,,,,,,,,,,,,,,,,,,,,,,,,,,,,,,,,,,,,,,,,,,,,,,,,,,,,,,,,,,,,,,,,,,,,,,,,,,,,,,,,,,,
,,,,,,,,,,,,,,,,,,,,,,,,,,,,,,,,,,,,,,,,,,,,,,,,,,,,,,,,,,,,,,,,,,,,,,,,,,5/2/2025,,,,,,,,,,,,,,,,
,"Büromöbel
Alle Mitarbeitenden Ihrer Firma sollen ihre Überstunden zukünftig in Form Freizeit ausgleichen. Auf Kosten von gespartem Geld plant das Unternehmen neue Büromöbel zu kaufen.
",test 090201,,,,,,,,,,,,,,,,,,,,,,,,,,,,,,,,,,,,,,,,,,,,,,,,,,,,,,,,,,,,,,,,,,,,,,,,test 090201,,,,,,,,,,,,,,,,
,,Reinigung ,,,,,,,,,,,,,,,,,,,,,,,,,,,,,,,,,,,,,,,,,,,,,,,,,,,,,,,,,,,,,,,,,,,,,,,,Reinigung ,,,,,,,,,,,,,,,,
,,T-notizen,,,,,,,,,,,,,,,,,,,,,,,,,,,,,,,,,,,,,,,,,,,,,,,,,,,,,,,,,,,,,,,,,,,,,,,,T-notizen,,,,,,,,,,,,,,,,
,,Schwietzler ,,,,,,,,,,,,,,,,,,,,,,,,,,,,,,,,,,,,,,,,,,,,,,,,,,,,,,,,,,,,,,,,,,,,,,,,Schwietzler ,,,,,,,,,,,,,,,,
,,Gebrochene/zerstörte Teller,,,,,,,,,,,,,,,,,,,,,,,,,,,,,,,,,,,,,,,,,,,,,,,,,,,,,,,,,,,,,,,,,,,,,,,,Gebrochene/zerstörte Teller,,,,,,,,,,,,,,,,
,Gesundheitscheck jährlich Gesundheitsvorsorge ,Beschwerde,,,,,,,,,,,,,,,,,,,,,,,,,,,,,,,,,,,,,,,,,,,,,,,,,,,,,,,,,,,,,,,,,,,,,,,,Beschwerde,,,,,,,,,,,,,,,,
,,плохо слышно,,,,,,,,,,,,,,,,,,,,,,,,,,,,,,,,,,,,,,,,,,,,,,,,,,,,,,,,,,,,,,,,,,,,,,,,плохо слышно,,,,,,,,,,,,,,,,
,,,,,,,,,,,,,,,,,,,,,,,,,,,,,,,,,,,,,,,,,,,,,,,,,,,,,,,,,,,,,,,,,,,,,,,,,,,,,,,,,,,,,,,,,,
,,,,,,,,,,,,,,,,,,,,,,,,,,,,,,,,,,,,,,,,,,,,,,,,,,,,,,,,,,,,,,,,,,,,,,,,,,Vormittag ,,,,,,,,,,,,,,,,
,,,,,,,,,,,,,,,,,,,,,,,,,,,,,,,,,,,,,,,,,,,,,,,,,,,,,,,,,,,,,,,,,,,,,,,,,,5/2/2025,,,,,,,,,,,,,,,,
,"Büromöbel
Alle Mitarbeitenden Ihrer Firma sollen ihre Überstunden zukünftig in Form Freizeit ausgleichen. Auf Kosten von gespartem Geld plant das Unternehmen neue Büromöbel zu kaufen.
",test 090202,,test 090202,test 090202,,,,,,,,,,,,,,,,,,,,,,,,,,,,,,,,,,,,,,,,,,,,,,,,,,,,,,,,,,,,,,,,,,,,,,,,,,,,,,,,,,,,,
,,Reinigung ,,Reinigung ,Reinigung ,,,,,,,,,,,,,,,,,,,,,,,,,,,,,,,,,,,,,,,,,,,,,,,,,,,,,,,,,,,,,,,,,,,,,,,,,,,,,,,,,,,,,
,,T-notizen,,T-notizen,T-notizen,,,,,,,,,,,,,,,,,,,,,,,,,,,,,,,,,,,,,,,,,,,,,,,,,,,,,,,,,,,,,,,,,,,,,,,,,,,,,,,,,,,,,
,,,,,,,,,,,,,,,,,,,,,,,,,,,,,,,,,,,,,,,,,,,,,,,,,,,,,,,,,,,,,,,,,,,,,,,,,,,,,,,,,,,,,,,,,,
,,Gebrochene/zerstörte Teller,,Gebrochene/zerstörte Teller,,,,,,,,,,,,,,,,,,,,,,,,,,,,,,,,,,,,,,,,,,,,,,,,,,,,,,,,,,,,,,,,,,,,,,,,,,,,,,,,,,,,,,
,Gesundheitscheck jährlich Gesundheitsvorsorge ,Beschwerde,,Beschwerde,,,,,,,,,,,,,,,,,,,,,,,,,,,,,,,,,,,,,,,,,,,,,,,,,,,,,,,,,,,,,,,,,,,,,,,,,,,,,,,,,,,,,,
,,,,,,,,,,,,,,,,,,,,,,,,,,,,,,,,,,,,,,,,,,,,,,,,,,,,,,,,,,,,,,,,,,,,,,,,,,,,,,,,,,,,,,,,,,
,,,,,,,,,,,,,,,,,,,,,,,,,,,,,,,,,,,,,,,,,,,,,,,,,,,,,,,,,,,,,,,,,,,,,,,,,,,,,,,,,,,,,,,,,,
,,,,,,,,,,,,,,,,,,,,,,,,,,,,,,,,,,,,,,,,,,,,,,,,,,,,,,,,,,,,,,,,,,,,,,,,,,,,,,,,,,,,,,,,,,
,,,,,,,,,,,,,,,,,,,,,,,,,,,,,,,,,,,,,,,,,,,,,,,,,,,,,,,,,,,,,,,,,,,,,,,,,,,,,,,,,,,,,,,,,,
,"Elternzeit + Weiterbildungen 
Alle Kolleginnen und Kollegen wurden mitgeteilt, dass sie während der Elternzeit entweder an Teambesprechungen  oder an Weiterbildungen teilnehmen sollen. Der Grund dafür ist, dass sie den Kontakt zur Firma nicht verlieren.
",test 090222,,,test 090222,,,,test 090222,,,,,,,,,,,test 090222,,,,,,,,,,,,,,,,,,test 090222,,,,,,,,,,,,,,,test 090222,,,,,,,,,,,,,,,,,,,,,,,,,,,,,,,,,,,,,
,,Reinigung ,,,Reinigung ,,,,Reinigung ,,,,,,,,,,,Reinigung ,,,,,,,,,,,,,,,,,,Reinigung ,,,,,,,,,,,,,,,Reinigung ,,,,,,,,,,,,,,,,,,,,,,,,,,,,,,,,,,,,,
,,T-notizen,,,T-notizen,,,,T-notizen,,,,,,,,,,,T-notizen,,,,,,,,,,,,,,,,,,T-notizen,,,,,,,,,,,,,,,T-notizen,,,,,,,,,,,,,,,,,,,,,,,,,,,,,,,,,,,,,
,,Schweizer/Schwietzler/Schwalzer,,,,,,,,,,,,,,,,,,,,,,,,,,,,,,,,,,,,,,,,,,,,,,,,,,,,,,,,,,,,,,,,,,,,,,,,,,,,,,,,,,,,,,,,
,,Gebrochene/zerstörte Teller,,,Gebrochene/zerstörte Teller,,,,Gebrochene/zerstörte Teller,,,,,,,,,,,Gebrochene/zerstörte Teller,,,,,,,,,,,,,,,,,,Gebrochene/zerstörte Teller,,,,,,,,,,,,,,,Gebrochene/zerstörte Teller,,,,,,,,,,,,,,,,,,,,,,,,,,,,,,,,,,,,,
,"Firmenchat 
Alle Mitarbeiterinnen und Mitarbeiter in Ihrer Firma werden ach der Kündigung aus dem Firmenchat entfernt, damit sie nicht auf die aktuellen Informationen der Firma zugreifen können.
",Beschwerde,,,Beschwerde,,,,Beschwerde,,,,,,,,,,,Beschwerde,,,,,,,,,,,,,,,,,,Beschwerde,,,,,,,,,,,,,,,Beschwerde,,,,,,,,,,,,,,,,,,,,,,,,,,,,,,,,,,,,,
,,,,,,,,,,,,,,,,,,,,,,,,,,,,,,,,,,,,,,,,,,,,,,,,,,,,,,,,,,,,,,,,,,,,,,,,,,,,,,,,,,,,,,,,,,
,,,,,,,,,,,,,,,,,,,,,,,,,,,,,,,,,,,,,,,,,,,,,,,,,,,,,,,,,,,,,,,,,,,,,,,,,,,,,,,,,,,,,,,,,,
,,,,,,,,,,,,,,,,,,,,,,,,,,,,,,,,,,,,,,,,,,,,,,,,,,,,,,,,,,,,,,,,,,,,,,,,,,,,,,,,,,,,,,,,,,
,,,,,,,,,,,,,,,,,,,,,,,,,,,,,,,,,,,,,,,,,,,,,,,,,,,,,,,,,,,,,,,,,,,,,,,,,,,,,,,,,,,,,,,,,,
,35 Alle Mitarbeiterinnen und Mitarbeiter in Ihrer Firma sollen ,test 100101,,,,,,,,,,,,,,,,,,,,,,,,,,,,,,,,,,,,,,,,,,,,,,,,,,,,,,,,,,,,,,,,,,,,,,,,,,,,,,,,,,,,,,,,
,aufgrund der guten Auftragslage auch an Samstagen arbeiten. Diese ,Tischlampe ,,,,,,,,,,,,,,,,,,,,,,,,,,,,,,,,,,,,,,,,,,,,,,,,,,,,,,,,,,,,,,,,,,,,,,,,,,,,,,,,,,,,,,,,
,Arbeitszeiten werden mit einem Zuschlag in Höhe von 120 Prozent ,,,,,,,,,,,,,,,,,,,,,,,,,,,,,,,,,,,,,,,,,,,,,,,,,,,,,,,,,,,,,,,,,,,,,,,,,,,,,,,,,,,,,,,,,
,"vergütet.
",,,,,,,,,,,,,,,,,,,,,,,,,,,,,,,,,,,,,,,,,,,,,,,,,,,,,,,,,,,,,,,,,,,,,,,,,,,,,,,,,,,,,,,,,
,,,,,,,,,,,,,,,,,,,,,,,,,,,,,,,,,,,,,,,,,,,,,,,,,,,,,,,,,,,,,,,,,,,,,,,,,,,,,,,,,,,,,,,,,,
,36 Alle Mitarbeiterinnen und Mitarbeiter in Ihrer Firma erhalten einen ,,,,,,,,,,,,,,,,,,,,,,,,,,,,,,,,,,,,,,,,,,,,,,,,,,,,,,,,,,,,,,,,,,,,,,,,,,,,,,,,,,,,,,,,,
,Laptop. Dieser darf auch privat genutzt werden. Allerdings müssen sie ,,,,,,,,,,,,,,,,,,,,,,,,,,,,,,,,,,,,,,,,,,,,,,,,,,,,,,,,,,,,,,,,,,,,,,,,,,,,,,,,,,,,,,,,,
,dafür eine Laptop-Versicherung abschließen und diese selbst bezahlen.,,,,,,,,,,,,,,,,,,,,,,,,,,,,,,,,,,,,,,,,,,,,,,,,,,,,,,,,,,,,,,,,,,,,,,,,,,,,,,,,,,,,,,,,,
,,,,,,,,,,,,,,,,,,,,,,,,,,,,,,,,,,,,,,,,,,,,,,,,,,,,,,,,,,,,,,,,,,,,,,,,,,,,,,,,,,,,,,,,,,
,,,,,,,,,,,,,,,,,,,,,,,,,,,,,,,,,,,,,,,,,,,,,,,,,,,,,,,,,,,,,,,,,,,6/14/2025,,,,,,,,,,,,,,,,,,,,,,,
,"Alle Mitarbeiterinnen und Mitarbeiter Ihrer Firma sollen künftig in den Schulen der Region das Unternehmen vorstellen. Ziel dieser Maßnahme ist es, für das Ausbildungsangebot des Betriebs zu werben und neue Auszubildende zu gewinnen. Nicht alle ihn Team sind von dieser Idee begeistert.",test 100201,,,,,test 100201,,,,,,,test 100201,,,,,,,test 100201,,,,,,,,,test 100201,,,,test 100201,,,,,,,,,,,,,,test 100201,,,,,,,,,test 100201,,,,,,,,,,test 100201,,,,,,,,,,,,,,,,,,,,,,,
,,Tischlampe ,,,,,Tischlampe ,,,,,,,Tischlampe ,,,,,,,Tischlampe ,,,,,,,,,Tischlampe ,,,,Tischlampe ,,,,,,,,,,,,,,Tischlampe ,,,,,,,,,Tischlampe ,,,,,,,,,,Tischlampe ,,,,,,,,,,,,,,,,,,,,,,,
,,T- notizen,,,,,T- notizen,,,,,,,T- notizen,,,,,,,T- notizen,,,,,,,,,T- notizen,,,,T- notizen,,,,,,,,,,,,,,T- notizen,,,,,,,,,T- notizen,,,,,,,,,,T- notizen,,,,,,,,,,,,,,,,,,,,,,,
,,Becker ,,,,,,,,,,,,,,,,,,,,,,,,,,,,Bäcker,,,,Bäcker/Becker,,,,,,,,,,,,,,Bäcker Beschwerde,,,,,,,,,,,,,,,,,,,Becker Beschwerde,,,,,,,,,,,,,,,,,,,,,,,
,,100 Prospekthüllen nur 50 gekommen sind,,,,,,,,,,,,,,,,,,,100 Prospekthüllen nur 50 gekommen sind,,,,,,,,,100 Prospekthüllen nur 50 gekommen sind,,,,Prospekthüllen ,,,,,,,,,,,,,,Prospekthüllen ,,,,,,,,,Prospekte ,,,,,,,,,,100 Prospekte nur 50 gekommen sind,,,,,,,,,,,,,,,,,,,,,,,
,"In jedem Firmengebäude soll ein Raucherraum eingerichtet werden. damit Raucher ihre 5Minuten-Zigarettenpause schneller machen können, ohne vor das Gebäude zu gehen. Raucher sollen jedoch 15 Minuten länger arbeiten",Beschwerde,,,,,,,,,,,,,,,,,,,Beschwerde,,,,,,,,,Beschwerde,,,,Beschwerde,,,,,,,,,,,,,,,,,,,,,,,,,,,,,,,,,,,,,,,,,,,,,,,,,,,,,,,,
,,,,,,,,,,,,,,,,,,,,,,,,,,,,,,,,,,,,,,,,,,,,,,,,,,,,,,,,,,,,,,,,,,,,,,,,,,,,,,,,,,,,,,,,,,
,,,,,,,,,,,,,,,,,,,,,,,,,,,,,,,,,,,,,,,,,,,,,,,,,,,,,,,,,,,,,,,,,,,,,,,,,,,,,,,,,,,,,,,,,,
,,,,,,,,,,,,,,,,,,,,,,,,,,,,,,,,,,,,,,,,,,,,,,,,,,,,,,,,,,,,,,,,,,,"9⁰⁰ Niedersachsen, Hamburg, NRW, Dresden, Hessen, Berlin, Köln, Essen, Bayern, Bremen, Ludwigsburg, Schwerin, Offenburg, Wolfsburg, Nordrhein-Westfalen, Sachsen-Anhalt, ",,,,,,,,,,,,,,,,,,,,,,,
,,,,,,,,,,,,,,,,,,,,,,,,,,,,,,,,,,,,,,,,,,,,,,,,,,,,,,,,,,,,,,,,,,,,,,,,,,,,,,,,,,,,,,,,,,
,"Alle Mitarbeiterinnen und Mitarbeiter in Ihrer 
Firma erhalten künftig keine Lohnsabrechnung / Gehaltsabrechnungen mehr, sondern können diese selbst online ",test 100221,,,test 100221,test 100221,,,,test 100221,,,,,,,,,,,,,,,,,,,,,,,,,,,,,,,,,,,,,,,,,,,,,,,,,,,,,,,,,,,,,,,,,,,,,,,,,,,test 100221,,,,,
,,Tischlampe ,,,Tischlampe ,Tischlampe ,,,,Tischlampe ,,,,,,,,,,,,,,,,,,,,,,,,,,,,,,,,,,,,,,,,,,,,,,,,,,,,,,,,,,,,,,,,,,,,,,,,,,,Tischlampe ,,,,,
,,T- notizen,,,T- notizen,T- notizen,,,,T- notizen,,,,,,,,,,,,,,,,,,,,,,,,,,,,,,,,,,,,,,,,,,,,,,,,,,,,,,,,,,,,,,,,,,,,,,,,,,,T- notizen,,,,,
,,Becker Beschwerde,,,,Becker,,,, Beschwerde,,,,,,,,,,,,,,,,,,,,,,,,,,,,,,,,,,,,,,,,,,,,,,,,,,,,,,,,,,,,,,,,,,,,,,,,,,,Becker Beschwerde,,,,,
,,,,,,statt 200/Zurückruf,,,,Becker ,,,,,,,,,,,,,,,,,,,,,,,,,,,,,,,,,,,,,,,,,,,,,,,,,,,,,,,,,,,,,,,,,,,,,,,,,,,,,,,,
,"Alle Mitarbeiterinnen und Mitarbeiter in Ihrer Firma sollten im August drei Wochen Urlaub nehmen, über die restliche Zeit können Sie selbst entscheiden",Beschwerde,,,,Beschwerde,,,, Prospekthüllen ,,,,,,,,,,,,,,,,,,,,,,,,,,,,,,,,,,,,,,,,,,,,,,,,,,,,,,,,,,,,,,,,,,,,,,,,,,,,,,,,
,,,,,,,,,,,,,,,,,,,,,,,,,,,,,,,,,,,,,,,,,,,,,,,,,,,,,,,,,,,,,,,,,,,,,,,,,,,,,,,,,,,,,,,,,,
,,,,,,,,,,,,,,,,,,,,,,,,,,,,,,,,,,,,,,,,,,,,,,,,,,,,,,,,,,,,,,,,,,,,,,,,,,,,,,,,,,,,,,,,,,
,,Mündlich 070101,,,,,,,,Mündlich 070101,,,,,,,,,,,,,,,,,,,,,,,,,,,,,,,,,,,,,,,,,,,,,,,,,,,,,,,,,,,,,,,,,,,,,,,,,,,,,,,,
,,,,,,,,,,,,,,,,,,,,,,,,,,,,,,,,,,,,,,,,,,,,,,,,,,,,,,,,,,,,,,,,,,,,,,,,,,,,,,,,,,,,,,,,,,
,37 Alle Mitarbeiterinnen und Mitarbeiter sollen in unserer Firma ,test 110101,,,,,,,,,,,,,,,,,,,,,,,,,,,,,,,,,,,,,,,,,,,,,,,,,,,,,,,,,,,,,,,,,,,,,,,,,,,,,,,,,,,,,,,,
,zwischen Homeoffice und Büro wechseln. Dafür haben wir keinen ,Umzug ,,,,,,,,,,,,,,,,,,,,,,,,,,,,,,,,,,,,,,,,,,,,,,,,,,,,,,,,,,,,,,,,,,,,,,,,,,,,,,,,,,,,,,,,
,"eigenen Schreibtisch mehr, sondern persönliches Arbeitsmaterial ",,,,,,,,,,,,,,,,,,,,,,,,,,,,,,,,,,,,,,,,,,,,,,,,,,,,,,,,,,,,,,,,,,,,,,,,,,,,,,,,,,,,,,,,,
,im Rollcontainer.,,,,,,,,,,,,,,,,,,,,,,,,,,,,,,,,,,,,,,,,,,,,,,,,,,,,,,,,,,,,,,,,,,,,,,,,,,,,,,,,,,,,,,,,,
,,,,,,,,,,,,,,,,,,,,,,,,,,,,,,,,,,,,,,,,,,,,,,,,,,,,,,,,,,,,,,,,,,,,,,,,,,,,,,,,,,,,,,,,,,
,38 Alle Mitarbeiterinnen und Mitarbeiter in Ihrer Firma sollen ,,,,,,,,,,,,,,,,,,,,,,,,,,,,,,,,,,,,,,,,,,,,,,,,,,,,,,,,,,,,,,,,,,,,,,,,,,,,,,,,,,,,,,,,,
,im Firmengebäude parken und jeden Monat 20€ bezahlen. Dafür ,,,,,,,,,,,,,,,,,,,,,,,,,,,,,,,,,,,,,,,,,,,,,,,,,,,,,,,,,,,,,,,,,,,,,,,,,,,,,,,,,,,,,,,,,
,wird der Parkplatz bewacht.,,,,,,,,,,,,,,,,,,,,,,,,,,,,,,,,,,,,,,,,,,,,,,,,,,,,,,,,,,,,,,,,,,,,,,,,,,,,,,,,,,,,,,,,,
,,,,,,,,,,,,,,,,,,,,,,,,,,,,,,,,,,,,,,,,,,,,,,,,,,,,,,,,,,,,,,,,,,,,,,,,,,,,,,,,,,,,,,,,,,
,,,,,,,,,,,,,,,,,,,,,,,,,,,,,,,,,,,,,,,,,,,,,,,,,,,,,,,,,,,,,7/26/2025,,,,,,,,,,,,,,,,,,,,,,,,,,,,,
,Alle Mitarbeiterinnen und Mitarbeiter in Ihrer Firma sollen für das bisher kostenfreie Obst monatlich 5 Euro bezahlen. Sie befinden sich in der Teeküche. Damit möchte die Firma  die regionale Landwirtschaft der Stadt unterstützen.,test 110201,,,test 110201,test 110201,,,,,,,,,,,,,,,,,,,,,,,test 110201,,,,,,,,,,,,,,,,,,,,,,,,,,,,,,,,test 110201,,,,,,,,,,,,,,,,,,,,,,,,,,,,,
,,Umzug ,,,Umzug ,Umzug ,,,,,,,,,,,,,,,,,,,,,,,Umzug ,,,,,,,,,,,,,,,,,,,,,,,,,,,,,,,,Umzug ,,,,,,,,,,,,,,,,,,,,,,,,,,,,,
,,T-notizen,,,T-notizen,T-notizen,,,,,,,,,,,,,,,,,,,,,,,T-notizen,,,,,,,,,,,,,,,,,,,,,,,,,,,,,,,,T-notizen,,,,,,,,,,,,,,,,,,,,,,,,,,,,,
,,Angebot ,,,,,,,,,,,,,,,,,,,,,,,,,,,Angebot ,,,,,,,,,,,,,,,,,,,,,,,,,,,,,,,,Angebot ,,,,,,,,,,,,,,,,,,,,,,,,,,,,,
,,Fröhlich,,,,,,,,,,,,,,,,,,,,,,,,,,,Fröhlich,,,,,,,,,,,,,,,,,,,,,,,,,,,,,,,,Frühlung,,,,,,,,,,,,,,,,,,,,,,,,,,,,,
,Alle Mitarbeiterinnen und Mitarbeiter werden zukünftig ihre Einzelbüros mit gemauerten Bürowänden durch Büros mit Glas ersetzt. Das soll sich positiv auf das Betriebsklima auswirken.,Visitenkarten,,,,,,,,,,,,,,,,,,,,,,,,,,,Visitenkarten,,,,,,,,,,,,,,,,,,,,,,,,,,,,,,,,Briefpapier ,,,,,,,,,,,,,,,,,,,,,,,,,,,,,
,,,,,,,,,,,,,,,,,,,,,,,,,,,,,"ab 16,32 E/25 Stück",,,,,,,,,,,,,,,,,,,,,,,,,,,,,,,,,,,,,,,,,,,,,,,,,,,,,,,,,,,,,
,,,,,,,,,,,,,,,,,,,,,,,,,,,,,,,,,,,,,,,,,,,,,,,,,,,,,,,,,,,,,,,,,,,,,,,,,,,,,,,,,,,,,,,,,,
,,,,,,,,,,,,,,,,,,,,,,,,,,,,,,,,,,,,,,,,,,,,,,,,,,,,,,,,,,,,,"9⁰⁰ Berlin, Stuttgart, Hamburg, Baden-Württemberg, München, Cottbus, Saarland, Altötting, Sachsen, Düsseldorf, ",,,,,,,,,,,,,,,,,,,,,,,,,,,,,
,,,,,,,,,,,,,,,,,,,,,,,,,,,,,,,,,,,,,,,,,,,,,,,,,,,,,,,,,,,,,,,,,,,,,,,,,,,4/15/2025,,,,,,,,,,,,,,,
,Alle Mitarbeitenden Ihrer Firma sollen einen Dresscode anhalten und formelle Kleidung statt  Jeans und Sportschuhe tragen.,test 110221,,test 110221,,test 110221,test 110221,,,,,,,,,,,,,,test 110221,,,,test 110221,,,,,,,,,,,,,,,,,,,,,,,,,,,,,,,,,,,,,,,,,,test 110221,,,,,,,,test 110221,,,,,,,,,,,,,,,
,,Umzug ,,Umzug ,,Umzug ,Umzug ,,,,,,,,,,,,,,Umzug ,,,,Umzug ,,,,,,,,,,,,,,,,,,,,,,,,,,,,,,,,,,,,,,,,,,Umzug ,,,,,,,,Umzug ,,,,,,,,,,,,,,,
,,T-notizen,,T-notizen,,T-notizen,T-notizen,,,,,,,,,,,,,,T-notizen,,,,T-notizen,,,,,,,,,,,,,,,,,,,,,,,,,,,,,,,,,,,,,,,,,,T-notizen,,,,,,,,T-notizen,,,,,,,,,,,,,,,
,,Angebot ,,,,,Angebot ,,,,,,,,,,,,,,Angebot ,,,,Angebot ,,,,,,,,,,,,,,,,,,,,,,,,,,,,,,,,,,,,,,,,,,Fröhling,,,,,,,,Fröhling,,,,,,,,,,,,,,,
,,Fröhling,,,,,,,,,,,,,,,,,,,Fröhlich,,,,Fröhling,,,,,,,,,,,,,,,,,,,,,,,,,,,,,,,,,,,,,,,,,,,,,,,,,,,,,,,,,,,,,,,,,
,"Alle Mitarbeitenden Ihrer Firma sollen selbst ihre Arbeitsplätze  aufräumen. als Vergütung bekommt  man dann Snacks, Obst und Gemüse.",Visitenkarten,,,,,Visitenkarten/ Premiumpapier,,,,,,,,,,,,,,Visitenkarten/ Premiumpapier,,,,Visitenkarten,,,,,,,,,,,,,,,,,,,,,,,,,,,,,,,,,,,,,,,,,,,,,,,,,,,,,,,,,,,,,,,,,
,,,,,,,,,,,,,,,,,,,,,"ab 18,79 E/200 Stück",,,,,,,,,,,,,,,,,,,,,,,,,,,,,,,,,,,,,,,,,,,,,,,,,,,,,,,,,,,,,,,,,,,,,
,,,,,,,,,,,,,,,,,,,,,,,,,,,,,,,,,,,,,,,,,,,,,,,,,,,,,,,,,,,,,,,,,,,,,,,,,,,,,,,,,,,,,,,,,,
,,,,,,,,,,,,,,,,,,,,,,,,,,,,,,,,,,,,,,,,,,,,,,,,,,,,,,,,,,,,,,,,,,,Leipzig ,,,,,,,,"NRW, Berlin, Rheinland-Pfalz, Bremen, Bayern,  Sachsen ",,,,,,,,,,,,,,,
,,,,,,,,,,,,,,,,,,,,,,,,,,,,,,,,,,,,,,,,,,,,,,,,,,,,,,,,,,,,,,,,,,,,,,,,,,,,,,,,,,,,,,,,,,
,41 Alle Mitarbeiterinnen und Mitarbeiter in lhrer Firma können ,test 120101,,,,,,,,,,,,,,,,,,,,,,,,,,,,,,,,,,,,,,,,,,,,,,,,,,,,,,,test 120101,,,,,,,,,,,,,,,,,,,,,,,,,,,,,,,,,
,fünfmal pro Jahr an einer Weiterbildung teilnehmen. Die ,Spülmaschine ,,,,,,,,,,,,,,,,,,,,,,,,,,,,,,,,,,,,,,,,,,,,,,,,,,,,,,,Spülmaschine ,,,,,,,,,,,,,,,,,,,,,,,,,,,,,,,,,
,"Weiterbildung sollen sie selbst bezahlen, aber sie findet während ",,,,,,,,,,,,,,,,,,,,,,,,,,,,,,,,,,,,,,,,,,,,,,,,,,,,,,,,,,,,,,,,,,,,,,,,,,,,,,,,,,,,,,,,,
,der Arbeitszeit statt.,,,,,,,,,,,,,,,,,,,,,,,,,,,,,,,,,,,,,,,,,,,,,,,,,,,,,,,,,,,,,,,,,,,,,,,,,,,,,,,,,,,,,,,,,
,,,,,,,,,,,,,,,,,,,,,,,,,,,,,,,,,,,,,,,,,,,,,,,,,,,,,,,,,,,,,,,,,,,,,,,,,,,,,,,,,,,,,,,,,,
,42 Alle Mitarbeiterinnen und Mitarbeiter in lhrer Firma sollen ,,,,,,,,,,,,,,,,,,,,,,,,,,,,,,,,,,,,,,,,,,,,,,,,,,,,,,,,,,,,,,,,,,,,,,,,,,,,,,,,,,,,,,,,,
,"die Möglichkeit haben, in einem Firmengarten Pause machen ",,,,,,,,,,,,,,,,,,,,,,,,,,,,,,,,,,,,,,,,,,,,,,,,,,,,,,,,,,,,,,,,,,,,,,,,,,,,,,,,,,,,,,,,,
,"zu können. Die Firmenleitung schlägt vor, dass Sie in lhrer Freizeft ",,,,,,,,,,,,,,,,,,,,,,,,,,,,,,,,,,,,,,,,,,,,,,,,,,,,,,,,,,,,,,,,,,,,,,,,,,,,,,,,,,,,,,,,,
,beim Anlegen und Pflegen des Gartens mithelfen.,,,,,,,,,,,,,,,,,,,,,,,,,,,,,,,,,,,,,,,,,,,,,,,,,,,,,,,,,,,,,,,,,,,,,,,,,,,,,,,,,,,,,,,,,
,"Firmenküche                                                                                                           Alle Mitarbeiterinnen una Mitarbeiter in Ihrer Firma dürfen Räume, Küche und Garten für private Varanstaltungen kostenlos nutzen.",,,,,,,,,,,,,,,,,,,,,,,,,,,,,,,,,,,,,,,,,,,,,,,,,,,,,,,,,,,,,,,,,,,,,,,,,,,,,,,,,,,,,,,,,
,,,,,,,,,,,,,,,,,,,,,,,,,,,,,,,,,,,,,,,,,,,,,,,,,,,,,,,,,,,,,,,,,,,,,,,,,,,,,,,,,,,,,,,,,,
,,,,,,,,,,,,,,,,,,,,,,,,,,,,,,,,,,,,,,,,,,,,,,,,,,,,,,,,,,,,,,,,,,,,,,,,,,,,,,,,,,,,,,,,,,
,,,,,,,,,,,,,,,,,,,,,,,,,,,,,,,,,,,,,,,,,,,,,,,,,,,,,,,,,,,,,,,,,,,,,,,,,,,,,,,,,,,,,,,,,,
,,,,,,,,,,,,,,,,,,,,,,,,,,,,,,,,,,,,,,,,,,,,,,,,,,,,,,,,,,,,,,,,,,,,,,,,,5/3/2025,,,,,,,,,,,,,,,,,
,"„Englischkurse“. Alle Mitarbeitenden sollen zukünftig ausschließlich Englisch miteinander sprechen,  weil das Unternehmen einen neuen Eigentümer aus Großbritannien hat. Intensive Englischkurse werden während der Arbeitszeit angeboten.",test 120201,,,,,,,,,,,,,,,,test 120201,,,,,,,,,,,,,,,,,,,,,test 120201,,,,,,,,,,,,,test 120201,,,,,,,,,,,,,,,,,,,,,test 120201,,,,,,,,,,,,,,,,,
,,Spülmaschine,,,,,,,,,,,,,,,,Spülmaschine,,,,,,,,,,,,,,,,,,,,,Spülmaschine,,,,,,,,,,,,,Spülmaschine,,,,,,,,,,,,,,,,,,,,,Spülmaschine,,,,,,,,,,,,,,,,,
,,T-notizen,,,,,,,,,,,,,,,,T-notizen,,,,,,,,,,,,,,,,,,,,,T-notizen,,,,,,,,,,,,,T-notizen,,,,,,,,,,,,,,,,,,,,,T-notizen,,,,,,,,,,,,,,,,,
,,Maier,,,,,,,,,,,,,,,,Maier,,,,,,,,,,,,,,,,,,,,,Maier,,,,,,,,,,,,,Maier,,,,,,,,,,,,,,,,,,,,, ,,,,,,,,,,,,,,,,,
,,Beschwerde ,,,,,,,,,,,,,,,,Beschwerde ,,,,,,,,,,,,,,,,,,,,,Beschwerde ,,,,,,,,,,,,,Beschwerde ,,,,,,,,,,,,,,,,,,,,,Beschwerde ,,,,,,,,,,,,,,,,,
,,Wände streichen,,,,,,,,,,,,,,,,Wände streichen,,,,,,,,,,,,,,,,,,,,,Wände streichen,,,,,,,,,,,,,Wände streichen,,,,,,,,,,,,,,,,,,,,,,,,,,,,,,,,,,,,,,
,„Geburtstagsgeschenke“. Alle Mitarbeitenden sollen einen Beitrag von 5 € monatlich einzahlen.  Das Geld wird für die Geburtstagsgeschenke finanziert. ,,,,,,,,,,,,,,,,,,,,,,,,,,,,,,,,,,,,,,,,,,,,,,,,,,,,,,,,,,,,,,,,,,,,,,,,,,,,,,,,,,,,,,,,,
,,,,,,,,,,,,,,,,,,,,,,,,,,,,,,,,,,,,,,,,,,,,,,,,,,,,,,,,,,,,,,,,,,,,,,,,,,,,,,,,,,,,,,,,,,
,,,,,,,,,,,,,,,,,,,,,,,,,,,,,,,,,,,,,,,,,,,,,,,,,,,,,,,,,,,,,,,,,,,,,,,,,"Vormittag Bayern, Baden-Württemberg, Hamburg",,,,,,,,,,,,,,,,,
,,,,,,,,,,,,,,,,,,,,,,,,,,,,,,,,,,,,,,,,,,,,,,,,,,,,,,,,,,,,,,,,,,,,,,,,,,,,,,,,,,,,,,,,,,
,"Verkürzung der Arbeitswoche / Verlängerung des Arbeitstages.
Alle Mitarbeitenden sollen künftig vier Tage pro Woche arbeiten. Dafür wird der Arbeitstag von acht auf zehn Stunden erhöht. Aber sie bekommen einen zusätzlichen freien Tag.
",test 120221,,,,test 120221,,test 120221,,,,,,,,,,,,,,,,,,test 120221,,test 120221,,,,,,,,,,,,,,test 120221,,,,,,,,,,,,,,,,,,,,,,,,,,,,,,,,,,,,,,,,,,,,,,,,
,,Spülmaschine,,,,Spülmaschine,,Spülmaschine,,,,,,,,,,,,,,,,,,Spülmaschine,,Spülmaschine,,,,,,,,,,,,,,Spülmaschine,,,,,,,,,,,,,,,,,,,,,,,,,,,,,,,,,,,,,,,,,,,,,,,,
,,T-notizen,,,,T-notizen,,T-notizen,,,,,,,,,,,,,,,,,,T-notizen,,T-notizen,,,,,,,,,,,,,,T-notizen,,,,,,,,,,,,,,,,,,,,,,,,,,,,,,,,,,,,,,,,,,,,,,,,
,,Mayer,,,,,,,,,,,,,,,,,,,,,,,,Meyer/Mayer ,,Meyer,,,,,,,,,,,,,,Mayer,,,,,,,,,,,,,,,,,,,,,,,,,,,,,,,,,,,,,,,,,,,,,,,,
,,Beschwerde,,,,,,Beschwerde,,,,,,,,,,,,,,,,,,Beschwerde,,Beschwerde,,,,,,,,,,,,,,Beschwerde,,,,,,,,,,,,,,,,,,,,,,,,,,,,,,,,,,,,,,,,,,,,,,,,
,"Verbot des Essens am Arbeitsplatz.
Alle Mitarbeiterinnen und Mitarbeiter in Ihrer Firma ist es aus hygienischen Gründen verboten, am Arbeitsplatz zu essen. Es ist nur erlaubt / verboten, Schokolade als Snack am Arbeitsplatz / in der Küche zu essen.
",Streichen im Restaurat,,,,,,Streichen im Restaurat,,,,,,,,,,,,,,,,,,Streichen im Restaurat,,Streichen im Restaurat,,,,,,,,,,,,,,Streichen im Restaurat,,,,,,,,,,,,,,,,,,,,,,,,,,,,,,,,,,,,,,,,,,,,,,,,
,,,,,,,,,,,,,,,,,,,,,,,,,,,,,,,,,,,,,,,,,,,,,,,,,,,,,,,,,,,,,,,,,,,,,,,,,,,,,,,,,,,,,,,,,,
,,,,,,,,,,,,,,,,,,,,,,,,,,,,,,,,,,,,,,,,,,,,,,,,,,,,,,,,,,,,,,,,,,,,,,,,,,,,,,,,,,,,,,,,,,
,,,,,,,,,,,,,,,,,,,,,,,,,,,,,,,,,,,,,,,,,,,,,,,,,,,,,,,,,,,,,,,,,,,,,,,,,,,,,,,,,,,,,,,,,,
,,,,,,,,,,,,,,,,,,,,,,,,,,,,,,,,,,,,,,,,,,,,,,,,,,,,,,,,,,,,,,,,,,,,,,,,,,,,,,,,,,,,,,,,,,
,45 Alle Mitarbeiterinnen und Mitarbeiter in Ihrem Unternehmen ,test 130201,,,,,,,,,,,,,,,,,,,,,,,,,,,,,,,,,,,,,,,,,,,,,,,,,,,,,,,,,,,,,,,,,,,,,,,,,,,,,,,,,,,,,,,,
,"sollen an einem Seminar teilnehmen, um die Kommunikation und ",Umzug ,,,,,,,,,,,,,,,,,,,,,,,,,,,,,,,,,,,,,,,,,,,,,,,,,,,,,,,,,,,,,,,,,,,,,,,,,,,,,,,,,,,,,,,,
,"das Arbeitsklima im Unternehmen zu verbessern.
",,,,,,,,,,,,,,,,,,,,,,,,,,,,,,,,,,,,,,,,,,,,,,,,,,,,,,,,,,,,,,,,,,,,,,,,,,,,,,,,,,,,,,,,,
,,,,,,,,,,,,,,,,,,,,,,,,,,,,,,,,,,,,,,,,,,,,,,,,,,,,,,,,,,,,,,,,,,,,,,,,,,,,,,,,,,,,,,,,,,
,,,,,,,,,,,,,,,,,,,,,,,,,,,,,,,,,,,,,,,,,,,,,,,,,,,,,,,,,,,,,,,,,,,,,,,,,,,,,,,,,,,,,,,,,,
,"46 Alle Mitarbeiterinnen und Mitarbeiter in Ihrer Firma, die mit ",,,,,,,,,,,,,,,,,,,,,,,,,,,,,,,,,,,,,,,,,,,,,,,,,,,,,,,,,,,,,,,,,,,,,,,,,,,,,,,,,,,,,,,,,
,"dem Fahrrad zur Arbeit kommen, sollen einen Zuschuss erhalten ",,,,,,,,,,,,,,,,,,,,,,,,,,,,,,,,,,,,,,,,,,,,,,,,,,,,,,,,,,,,,,,,,,,,,,,,,,,,,,,,,,,,,,,,,
,"(Reparieren und Wartung), aber Autofahrer nicht.",,,,,,,,,,,,,,,,,,,,,,,,,,,,,,,,,,,,,,,,,,,,,,,,,,,,,,,,,,,,,,,,,,,,,,,,,,,,,,,,,,,,,,,,,
,,,,,,,,,,,,,,,,,,,,,,,,,,,,,,,,,,,,,,,,,,,,,,,,,,,,,,,,,,,,,,,,,,,,,,,,,,,,,,,,,,,,,,,,,,
,,,,,,,,,,,,,,,,,,,,,,,,,,,,,,,,,,,,,,,,,,,,,,,,,,,,,,,,,,,,,,7/25/2025,,,,,,,,,,,,,,,,,,,,,,,,,,,,
,47 Alle Mitarbeitenden in Ihrer Firma sollen zukünftig sollen nur ,test 130301,,,,,,,,,,,,,,,,,,,,,,,,,,,,,,,,test 130301,,,,,,,,,,,,,,,,,test 130301,,,,,,,,,,,test 130301,,,,,,,,,,,,,,,,,,,,,,,,,,test 130301,,
,Firmenkleidung zur Arbeit tragen auch während heizen Tage. Sie ,Umzug ,,,,,,,,,,,,,,,,,,,,,,,,,,,,,,,,Umzug ,,,,,,,,,,,,,,,,,Umzug ,,,,,,,,,,,Umzug ,,,,,,,,,,,,,,,,,,,,,,,,,,Umzug ,,
,"sollen sich auch auf die kurzen Röcke, auf die kurzen Hosen und auf ",T-notizen,,,,,,,,,,,,,,,,,,,,,,,,,,,,,,,,T-notizen,,,,,,,,,,,,,,,,,T-notizen,,,,,,,,,,,T-notizen,,,,,,,,,,,,,,,,,,,,,,,,,,T-notizen,,
,die kurze Ärmekleidung  verzichten/verweigern. ,Waltner (wie Kienzle),,,,,,,,,,,,,,,,,,,,,,,,,,,,,,,,Waltner/ Wagner,,,,,,,,,,,,,,,,,,,,,,,,,,,,Waltner (wie Kienzle),,,,,,,,,,,,,,,,,,,,,,,,,,Waltner,,
,,Angebot,,,,,,,,,,,,,,,,,,,,,,,,,,,,,,,,Angebot,,,,,,,,,,,,,,,,,Angebot,,,,,,,,,,,Angebot,,,,,,,,,,,,,,,,,,,,,,,,,,Angebot,,
,48 Alle Mitarbeitenden in Ihrer Firma sollen sich zukünftig In ,Visitenkarten,,,,,,,,,,,,,,,,,,,,,,,,,,,,,,,,Visitenkarten,,,,,,,,,,,,,,,,,Visitenkarten,,,,,,,,,,,Visitenkarten,,,,,,,,,,,,,,,,,,,,,,,,,,Visitenkarten,,
,dasselbe soziale Medien registrieren um dort weiter zu kommunizieren ,Premiumpapier,,,,,,,,,,,,,,,,,,,,,,,,,,,,,,,,"Premiumpapier 500 Blatt/4,99E",,,,,,,,,,,,,,,,,Premiumpapier,,,,,,,,,,,Premiumpapier,,,,,,,,,,,,,,,,,,,,,,,,,,Premiumpapier,,
,,,,,,,,,,,,,,,,,,,,,,,,,,,,,,,,,,,,,,,,,,,,,,,,,,,,,,,,,,,,,,,,,,,,,,,,,,,,,,,,,,,,,,,,,,
,,,,,,,,,,,,,,,,,,,,,,,,,,,,,,,,,,,,,,,,,,,,,,,,,,,,,,,,,,,,,,9⁰⁰ Berlin ,,,,,,,,,,,,,,,,,,,,,,,,,,,,
,,,,,,,,,,,,,,,,,,,,,,,,,,,,,,,,,,,,,,,,,,,,,,,,,,,,,,,,,,,,,,,,,,,,,,,,,,,4/15/2025,,,,,,,,,,,,,,,
,"""Azubi- Betreuung"". 
Alle Mitarbeiterinnen und Mitarbeiter in Ihrer  Firma sollen ab sofort in die Betreuung der Auszubildenden aktiver eingebunden werden und dazu einen Plan erstellen, wer welche Aufgaben ",test 130321,,,,,,,,,,,,,,,,,,test 130321,,test 130321,test 130321,test 130321,,,,,,,,,,,,,,,,,,,,,,,,,,,,,,,,,,,,,,,,,,,,,,test 130321,,,,,,,,,,,,,,,,,,,,
,,Umzug ,,,,,,,,,,,,,,,,,,Umzug ,,Umzug ,Umzug ,Umzug ,,,,,,,,,,,,,,,,,,,,,,,,,,,,,,,,,,,,,,,,,,,,,,Umzug ,,,,,,,,,,,,,,,,,,,,
,,T-notizen,,,,,,,,,,,,,,,,,,T-notizen,,T-notizen,T-notizen,T-notizen,,,,,,,,,,,,,,,,,,,,,,,,,,,,,,,,,,,,,,,,,,,,,,T-notizen,,,,,,,,,,,,,,,,,,,,
,,Waltner (wie Kienzle),,,,,,,,,,,,,,,,,,Waltner,,Waltner,Waltner,,,,,,,,,,,,,,,,,,,,,,,,,,,,,,,,,,,,,,,,,,,,,,,Waltner (wie Kienzle),,,,,,,,,,,,,,,,,,,,
,,Angebot,,,,,,,,,,,,,,,,,,Angebot,,Angebot,Angebot,Angebot,,,,,,,,,,,,,,,,,,,,,,,,,,,,,,,,,,,,,,,,,,,,,,Angebot,,,,,,,,,,,,,,,,,,,,
,"""Pausenhof statt Parkplatz"". 
Alle Mitarbeiterinnen und Mitarbeiter in Ihrer Firma sollen demnächst nicht mehr im Innerhof parken können. Die Fläche soll bepflanz und Sitzgelegenheiten für die Pausen ausgestattet werden.
",Visitenkarten,,,,,,,,,,,,,,,,,,Visitenkarten,,Visitenkarten,Visitenkarten,Visitenkarten,,,,,,,,,,,,,,,,,,,,,,,,,,,,,,,,,,,,,,,,,,,,,,Visitenkarten,,,,,,,,,,,,,,,,,,,,
,,Premiumpapier,,,,,,,,,,,,,,,,,,Premiumpapier,,Premiumpapier,Premiumpapier,Premiumpapier,,,,,,,,,,,,,,,,,,,,,,,,,,,,,,,,,,,,,,,,,,,,,,Premiumpapier,,,,,,,,,,,,,,,,,,,,
,,,,,,,,,,,,,,,,,,,,,,,,,,,,,,,,,,,,,,,,,,,,,,,,,,,,,,,,,,,,,,,,,,,,,,,,,,,,,,,,,,,,,,,,,,
,,,,,,,,,,,,,,,,,,,,,,,,,,,,,,,,,,,,,,,,,,,,,,,,,,,,,,,,,,,,,,,,,,,,,,"9⁰⁰ NRW, Bayern, Hamburg, Hessen,  Berlin, Rheinland-Pfalz, Dresden ",,,,,,,,,,,,,,,,,,,,
,,,,,,,,,,,,,,,,,,,,,,,,,,,,,,,,,,,,,,,,,,,,,,,,,,,,,,,,,,,,,,7/25/2025,,,,,,,,,,,,,,,,,,,,,,,,,,,,
,"„Mehr Fortbildungen»
Alle Mitarbeiterinnen und Mitarbeiter sollen mehr Fortbildungen besuchen. Für jede absolvierte Fortbildung erhalten sie Punkte, die später gegen Gutscheine (z. B. für Freizeitangebote oder Einkaufsgutscheine) eingetauscht werden können.",test 140301,,,,,,test 140301,,,,,,,,test 140301,,,,,,,,,,,,,,,,,,,,,,,,,,,,,,,test 140301,,,,,,,,,,,,,,,test 140321,,,,,,,test 140321,test 140321,,,,,,,,,,,,,,,,,test 140321,test 140321,,
,,falsche Rechnung ,,,,,,falsche Rechnung ,,,,,,,,falsche Rechnung ,,,,,,,,,,,,,,,,,,,,,,,,,,,,,,,falsche Rechnung ,,,,,,,,,,,,,,,falsche Rechnung ,,,,,,,falsche Rechnung ,falsche Rechnung ,,,,,,,,,,,,,,,,,falsche Rechnung ,falsche Rechnung ,,
,,T-notizen ,,,,,,T-notizen ,,,,,,,,T-notizen ,,,,,,,,,,,,,,,,,,,,,,,,,,,,,,,T-notizen ,,,,,,,,,,,,,,,T-notizen ,,,,,,,T-notizen ,T-notizen ,,,,,,,,,,,,,,,,,T-notizen ,T-notizen ,,
,,Schulze/Schultz,,,,,,Schulze/Schultz,,,,,,,,Schulze/Schultz,,,,,,,,,,,,,,,,,,,,,,,,,,,,,,,,,,,,,,,,,,,,,,Schulze,,,,,,,Schulze,Schulze,,,,,,,,,,,,,,,,,Schulze,Schulze,,
,,defekte Kopieren ,,,,,,defekte Kopieren ,,,,,,,,,,,,,,,,,,,,,,,,,,,,,,,,,,,,,,,defekte Kopieren ,,,,,,,,,,,,,,,defekte Kopieren ,,,,,,,defekte Kopieren ,defekte Kopieren ,,,,,,,,,,,,,,,,,defekte Kopieren ,defekte Kopieren ,,
,"„Verschiedenen Einsatzorten arbeiten“
In Ihrer Firma ist geplant, dass im Sommer alle Mitarbeiterinnen und Mitarbeiter an verschiedenen Einsatzorten anreiten sollen. Die Fahrkosten werden jedoch nicht erstatten
",Angebot,,,,,,Angebot,,,,,,,,,,,,,,,,,,,,,,,,,,,,,,,,,,,,,,,Angebot,,,,,,,,,,,,,,,Beschwerde /Angebot?,,,,,,,Beschwerde /Angebot?,Beschwerde /Angebot?,,,,,,,,,,,,,,,,,Beschwerde /Angebot?,Beschwerde /Angebot?,,
,,,,,,,,,,,,,,,,,,,,,,,,,,,,,,,,,,,,,,,,,,,,,,,,,,,,,,,,,,,,,,,,,,,,,,,,,,,,,,,,,,,,,,,,,,
,,,,,,,,,,,,,,,,,,,,,,,,,,,,,,,,,,,,,,,,,,,,,,,,,,,,,,,,,,,,,,12⁰⁰ Berlin ,,,,,,,,,,,,,,,,,,,,,,,,,,,,
,,,,,,,,,,,,,,,,,,,,,,,,,,,,,,,,,,,,,,,,,,,,,,,,,,,,,,,,,,,,,,"9⁰⁰ NRW, ",,,,,,,"9⁰⁰ BW, Bayern, Hannover, Berlin, Hamburg, Augsburg, Düsseldorf,  ",12⁰⁰ NRW,,,,,,,,,,,,,,,,,,,,
,,,,,,,,,,,,,,,,,,,,,,,,,,,,,,,,,,,,,,,,,,,,,,,,,,,,,,,,,,,,,,7/25/2025,,,,,,,,,,,,,,,,,,,,,,,,,,,,
,"Thema A: ""Kita am Freitag geschlossen""
Alle Mitarbeiterinnen und Mitarbeiter in Ihrer  Firma sollen freitags für eine private Kinderbetreuung sorgen. Die Firmen-Kita ist ab sofort an diesem tag wegen Personalmangels geschlossen.",test 140321,,,,,,,test 140321,,,,test 140321,,,,,,,,,,,,,,,,,,,,,,,,,,,,,,,,,,,,,,,,,,,,,,,,,test 140321,,,,,,,test 140321,test 140321,,,,,,,,,,,,,,,,,test 140321,test 140321,,
,,falsche Rechnung ,,,,,,,falsche Rechnung ,,,,falsche Rechnung ,,,,,,,,,,,,,,,,,,,,,,,,,,,,,,,,,,,,,,,,,,,,,,,,,falsche Rechnung ,,,,,,,falsche Rechnung ,falsche Rechnung ,,,,,,,,,,,,,,,,,falsche Rechnung ,falsche Rechnung ,,
,,T-notizen ,,,,,,,T-notizen ,,,,T-notizen ,,,,,,,,,,,,,,,,,,,,,,,,,,,,,,,,,,,,,,,,,,,,,,,,,T-notizen ,,,,,,,T-notizen ,T-notizen ,,,,,,,,,,,,,,,,,T-notizen ,T-notizen ,,
,,Schulze,,,,,,,Schulze,,,,Schulze,,,,,,,,,,,,,,,,,,,,,,,,,,,,,,,,,,,,,,,,,,,,,,,,,Schulze,,,,,,,Schulze,Schulze,,,,,,,,,,,,,,,,,Schulze,Schulze,,
,,defekte Kopieren ,,,,,,,defekter Kopierer,,,,defekter Kopierer,,,,,,,,,,,,,,,,,,,,,,,,,,,,,,,,,,,,,,,,,,,,,,,,,defekte Kopieren ,,,,,,,defekte Kopieren ,defekte Kopieren ,,,,,,,,,,,,,,,,,defekte Kopieren ,defekte Kopieren ,,
,"Thema B: ""Hunde erlauben""
Alle Mitarbeiterinnen und Mitarbeiter in Ihrer Firma sollen ihre Hunde ins Büro mitbringen dürfen. Diese Regelung dient der Förderung des Betriebsklimas. Allerdings dürfen die Hunde andere Kolleg*innen nicht stören.",Angebot,,,,,,,Angebot,,,,Angebot,,,,,,,,,,,,,,,,,,,,,,,,,,,,,,,,,,,,,,,,,,,,,,,,,Beschwerde /Angebot?,,,,,,,Beschwerde /Angebot?,Beschwerde /Angebot?,,,,,,,,,,,,,,,,,Beschwerde /Angebot?,Beschwerde /Angebot?,,
,,,,,,,,,,,,,,,,,,,,,,,,,,,,,,,,,,,,,,,,,,,,,,,,,,,,,,,,,,,,,,,,,,,,,,,,,,,,,,,,,,,,,,,,,,
,,,,,,,,,,,,,,,,,,,,,,,,,,,,,,,,,,,,,,,,,,,,,,,,,,,,,,,,,,,,,,,,,,,,,,,,,,,,,,,,,,,,,,,,,,
,,Mündlich 030201,,,,,,,Mündlich 030201,,,,,,,,,,,,,,,,,,,,,,,,,,,,,,,,,,,,,,,,,,,,,,,,,,,,,,,,,,,,"9⁰⁰ BW, Bayern, Hannover, Berlin, Hamburg, Augsburg, Düsseldorf,  ",12⁰⁰ NRW,,,,,,,,,,,,,,,,,,,,
,,,,,,,,,,,,,,,,,,,,,,,,,,,,,,,,,,,,,,,,,,,,,,,,,,,,,,,,,,,,,,,,,,,,,,,,,,,,,,,,,,,,,,,,,,
,"Alle Mitarbeitenden ihrer Firma  dürfen keine persönliche Treffen mit den Kunden führen, nur Online. /                                                         Alle Mitarbeiterinnen und Mitarbeiter Ihrer  Firma sollen kurze Dienstreise zwischen Mitarbeitern und Kunden aus anderen Städten nur noch virtuell durchführen.",test 150301,,,,test 150301,,,test 150301,test 150301,,test 150301,,,,,,,,,,,,,,,,,,,,test 150301,test 150301,,,,,,,,,,,,,,,,,,,,,,,,,,,,,,,,,test 150301,,,,,,,,,,,,,,,,,,,,,,,,
,,Drucker ,,,,Drucker ,,,Drucker ,Drucker ,,Drucker ,,,,,,,,,,,,,,,,,,,,Drucker ,Drucker ,,,,,,,,,,,,,,,,,,,,,,,,,,,,,,,,,Drucker ,,,,,,,,,,,,,,,,,,,,,,,,
,,T-notizen ,,,,T-notizen ,,,T-notizen ,T-notizen ,,T-notizen ,,,,,,,,,,,,,,,,,,,,T-notizen ,T-notizen ,,,,,,,,,,,,,,,,,,,,,,,,,,,,,,,,,T-notizen ,,,,,,,,,,,,,,,,,,,,,,,,
,,Knopper,,,,Knooper,,,Knopper,Knopper,,,,,,,,,,,,,,,,,,,,,,,Knopper,,,,,,,,,,,,,,,,,,,,,,,,,,,,,,,,,Knopper,,,,,,,,,,,,,,,,,,,,,,,,
,,30 Kisten des Wasser/10 Kisten des Safts,,,, Kisten des Wassers/ Kisten des Safts,,, Kisten des Wassers/ Kisten des Safts, Kisten des Wassers/ Kisten des Safts,,,,,,,,,,,,,,,,,,,,,,,30 Kisten des Wasser/10 Kisten des Safts,,,,,,,,,,,,,,,,,,,,,,,,,,,,,,,,,30 Kisten des Wassers/10 Kisten des Safts,,,,,,,,,,,,,,,,,,,,,,,,
,Alle Mitarbeitenden ihrer Firma  sollen zwischen 7³⁰-17⁰⁰ bei der Arbeit bleiben  / arbeiten.  Gleitzeit wird ab jetzt abgesagt. ,100 Personen bis 14:30??,,,,,,,,,,,,,,,,,,,,,,,,,,,,,,,"100 Personen bis 13:30, Lief um 10Uhr_ Rücktuf bis11Uhr",,,,,,,,,,,,,,,,,,,,,,,,,,,,,,,,,100 Personen bis 14:30??,,,,,,,,,,,,,,,,,,,,,,,,
,,Beschwerde ,,,,Beschwerde ,,,Beschwerde ,Beschwerde ,,,,,,,,,,,,,,,,,,,,,,Beschwerde ,Beschwerde ,,,,,,,,,,,,,,,,,,,,,,,,,,,,,,,,,Beschwerde ,,,,,,,,,,,,,,,,,,,,,,,,
,,,,,,,,,,,,,,,,,,,,,,,,,,,,,,,,,,,,,,,,,,,,,,,,,,,,,,,,,,,,,,,,,,,,,,,,,,,,,,,,,,,,,,,,,,
,,Mündlich 090101,,,,,,,Mündlich 090101,,,,,,,,,,,,,,,,,,,,,,,,,,,,,,,,,,,,,,,,,,,,,,,,,,,,,,,,,"9⁰⁰ NRW, Sachsen, Baden-Württemberg, Frankfurt, Berlin, Niedersachsen, Düsseldorf, Dresden, Bayern, ",,,,,,,,,,,,,,,,,,,,,,,,
,,,,,,,,,,,,,,,,,,,,,,,,,,,,,,,,,,,,,,,,,,,,,,,,,,,,,,,,,,,,,,,,,6/28/2025,,,,,,,,,,,,,,,,,,,,,,,,,
,,test 150321,,,,,,,,,,,,,,,,,,,,,,,,,,,,,,,,,,,,,,,,,,,,,,,,,,,,,,,,,,,,,,,,,,,,,,,,,,,,,,,,,,,,,,,,
,,Reinigung ,,,,,,,,,,,,,,,,,,,,,,,,,,,,,,,,,,,,,,,,,,,,,,,,,,,,,,,,,,,,,,,,,,,,,,,,,,,,,,,,,,,,,,,,
,,,,,,,,,,,,,,,,,,,,,,,,,,,,,,,,,,,,,,,,,,,,,,,,,,,,,,,,,,,,,,,,,,,,,,,,,,,,,,,,,,,,,,,,,,
,,,,,,,,,,,,,,,,,,,,,,,,,,,,,,,,,,,,,,,,,,,,,,,,,,,,,,,,,,,,,,,,,,,,,,,,,,,,,,,,,,,,,,,,,,
,,,,,,,,,,,,,,,,,,,,,,,,,,,,,,,,,,,,,,,,,,,,,,,,,,,,,,,,,,,,,,,,,,,,,,,,,,,,,,,,,,,,,,,,,,
,,,,,,,,,,,,,,,,,,,,,,,,,,,,,,,,,,,,,,,,,,,,,,,,,,,,,,,,,,,,,,,,,,,,,,,,,,,,,,,,,,,,,,,,,,
,,,,,,,,,,,,,,,,,,,,,,,,,,,,,,,,,,,,,,,,,,,,,,,,,,,,,,,,,,,,,,,,,,,,,,,,,,,,,,,,,,,,,,,,,,
,,,,,,,,,,,,,,,,,,,,,,,,,,,,,,,,,,,,,,,,,,,,,,,,,,,,,,,,,,,,,,,,,,,,,,,,,,,,,,,,,,,,,,,,,,
,,,,,,,,,,,,,,,,,,,,,,,,,,,,,,,,,,,,,,,,,,,,,,,,,,,,,,,,,,,,,,,,,,,,,,,,,,,,,,,,,,,,,,,,,,
,,,,,,,,,,,,,,,,,,,,,,,,,,,,,,,,,,,,,,,,,,,,,,,,,,,,,,,,,,,,,,,,,,,,,,,,,,,,,,,,,,,,,,,,,,
,,test 151001,,,,,,,,,,,,,,,,,,,,,,,,,,,,,,,,,,,,,,,,,,,,,,,,,,,,,,,,,,,,,,,,,,,,,,,,,,,,,,,,,,,,,,,,
,,Reinigung ,,,,,,,,,,,,,,,,,,,,,,,,,,,,,,,,,,,,,,,,,,,,,,,,,,,,,,,,,,,,,,,,,,,,,,,,,,,,,,,,,,,,,,,,
,,,,,,,,,,,,,,,,,,,,,,,,,,,,,,,,,,,,,,,,,,,,,,,,,,,,,,,,,,,,,,,,,,,,,,,,,,,,,,,,,,,,,,,,,,
,,,,,,,,,,,,,,,,,,,,,,,,,,,,,,,,,,,,,,,,,,,,,,,,,,,,,,,,,,,,,,,,,,,,,,,,,,,,,,,,,,,,,,,,,,
,,,,,,,,,,,,,,,,,,,,,,,,,,,,,,,,,,,,,,,,,,,,,,,,,,,,,,,,,,,,,,,,,,,,,,,,,,,,,,,,,,,,,,,,,,
,,,,,,,,,,,,,,,,,,,,,,,,,,,,,,,,,,,,,,,,,,,,,,,,,,,,,,,,,,,,,,,,,,,,,,,,,,,,,,,,,,,,,,,,,,
,,,,,,,,,,,,,,,,,,,,,,,,,,,,,,,,,,,,,,,,,,,,,,,,,,,,,,,,,,,,,,,,,,,,,,,,,,,,,,,,,,,,,,,,,,
,,,,,,,,,,,,,,,,,,,,,,,,,,,,,,,,,,,,,,,,,,,,,,,,,,,,,,,,,,,,,,,,,,,,,,,,,,,,,,,,,,,,,,,,,,
,,,,,,,,,,,,,,,,,,,,,,,,,,,,,,,,,,,,,,,,,,,,,,,,,,,,,,,,,,,,,,,,,,,,,,,,,,,,,,,,,,,,,,,,,,
,,,,,,,,,,,,,,,,,,,,,,,,,,,,,,,,,,,,,,,,,,,,,,,,,,,,,,,,,,,,,,,,,,,,,,,,,,,,,,,,,,,,,,,,,,
,,test 160101,,,,,,,,,,,,,,,,,,,,,,,,,,,,,,,,,,,,,,,,,,,,,,,,,,,,,,,,,,,,,,,,,,,,,,,,,,,,,,,,,,,,,,,,
,,Reinigung ,,,,,,,,,,,,,,,,,,,,,,,,,,,,,,,,,,,,,,,,,,,,,,,,,,,,,,,,,,,,,,,,,,,,,,,,,,,,,,,,,,,,,,,,
,,,,,,,,,,,,,,,,,,,,,,,,,,,,,,,,,,,,,,,,,,,,,,,,,,,,,,,,,,,,,,,,,,,,,,,,,,,,,,,,,,,,,,,,,,
,,,,,,,,,,,,,,,,,,,,,,,,,,,,,,,,,,,,,,,,,,,,,,,,,,,,,,,,,,,,,,,,,,,,,,,,,,,,,,,,,,,,,,,,,,
,,,,,,,,,,,,,,,,,,,,,,,,,,,,,,,,,,,,,,,,,,,,,,,,,,,,,,,,,,,,,,,,,,,,,,,,,,,,,,,,,,,,,,,,,,
,,,,,,,,,,,,,,,,,,,,,,,,,,,,,,,,,,,,,,,,,,,,,,,,,,,,,,,,,,,,,,,,,,,,,,,,,,,,,,,,,,,,,,,,,,
,,,,,,,,,,,,,,,,,,,,,,,,,,,,,,,,,,,,,,,,,,,,,,,,,,,,,,,,,,,,,,,,,,,,,,,,,,,,,,,,,,,,,,,,,,
,,,,,,,,,,,,,,,,,,,,,,,,,,,,,,,,,,,,,,,,,,,,,,,,,,,,,,,,,,,,,,,,,,,,,,,,,,,,,,,,,,,,,,,,,,
,,,,,,,,,,,,,,,,,,,,,,,,,,,,,,,,,,,,,,,,,,,,,,,,,,,,,,,,,,,,,,,,,,,,,,,,,,,,,,,,,,,,,,,,,,
,,,,,,,,,,,,,,,,,,,,,,,,,,,,,,,,,,,,,,,,,,,,,,,,,,,,,,,,,,,,,,,,,,,,,,,,,,,,,,,,,,,,,,,,,,
,"Thema B: ""Einsatz für die Umwelt""
Alle Mitarbeiterinnen und Mitarbeiter in Ihrer  Firma sollen nach Möglichkeit am kommenden Wochenende an einer Baumpflanz-Aktion im Stadtwald teilnehmen, um das Umweltengagement der Firma zu unterstützen.
",test 150321,,test 150321,,,test 150321,,,,,,,,,,,,,,,test 150321,test 150321,,,,,,,,,,,,,,,,,,,,,,test 150321,,,,,,,,,,,,,,,,,,,,,,,,,,,,,,,,,,,,,,,test 150321,,,,test 150321,,
,,Drucker ,,Drucker ,,,Drucker ,,,,,,,,,,,,,,,Drucker ,Drucker ,,,,,,,,,,,,,,,,,,,,,,Drucker ,,,,,,,,,,,,,,,,,,,,,,,,,,,,,,,,,,,,,,,Drucker ,,,,Drucker ,,
,,T-notizen ,,T-notizen ,,,T-notizen ,,,,,,,,,,,,,,,T-notizen ,T-notizen ,,,,,,,,,,,,,,,,,,,,,,T-notizen ,,,,,,,,,,,,,,,,,,,,,,,,,,,,,,,,,,,,,,,T-notizen ,,,,T-notizen ,,
,,Wolff,,,,,,,,,,,,,,,,,,,,Wolff,Wolff,,,,,,,,,,,,,,,,,,,,,,Wolff,,,,,,,,,,,,,,,,,,,,,,,,,,,,,,,,,,,,,,,Wolff,,,,Wolff,,
,,Lieferung bestätigen,,,,,,,,,,,,,,,,,,,,Getränkelieferung,Getränkelieferung,,,,,,,,,,,,,,,,,,,,,,Lieferung bestätigen,,,,,,,,,,,,,,,,,,,,,,,,,,,,,,,,,,,,,,,Lieferung bestätigen,,,,Lieferung bestätigen,,
,"Thema A: ""Weiterbildungen online""
Alle Mitarbeiterinnen und Mitarbeiter in Ihrer Firma sollen auch im nächsten Jahr wieder an Weiterbildungen teilnehmen. Diese werden dann aber ausschlißlich online angeboten.
",Beschwerde,,,,,,,,,,,,,,,,,,,,Beschwerde,Beschwerde,,,,,,,,,,,,,,,,,,,,,,,,,,,,,,,,,,,,,,,,,,,,,,,,,,,,,,,,,,,,,,,,,,,
,,,,,,,,,,,,,,,,,,,,,,,,,,,,,,,,,,,,,,,,,,,,,,,,,,,,,,,,,,,,,,,,,,,,,,,,,,,,,,,,,,,,,,,,,,
,,,,,,,,,,,,,,,,,,,,,,,,,,,,,,,,,,,,,,,,,,,,,,,,,,,,,,,,,,,,,,,,,,,,,,,,,,,,,,,,,,,,,,,,,,
,,Mündlich 080101,,Mündlich 080101,,,,,,,,,,,,,,,,,,,,,,,,,,,,,,,,,,,,,,,,,,,,,,,,,,,,,,,,,,,,,,,,,,,,,,,,,,,,,,,,,,,,,,
,,,,,,,,,,,,,,,,,,,,,,,,,,,,,,,,,,,,,,,,,,,,,,,,,,,,,,,,,,,,,,,,,,,,,,,,,,,4/15/2025,,,,,,,,,,,,,,,
,"Der diesjährige Betriebsausflug soll an einem Samstag stattfinden. Die Teilnahme  ist Pflicht. Dafür können alle Mitarbeiterinnen und Mitarbeiter innerhalb der folgenden zwei Wochen einen freien Tag unter der Woche nehmen.
 ",test 160201,,,,,,,test 160201,,,,,,test 160201,,,,,,,,test 160201,,,,,,,,test 160201,,,,,,,,,,,,test 160201,,,,,,,,,,,,,,,,,,,,,,test 160201,,,,,,,,,,test 160201,,,,,,test 160201,,test 160201,,,,,,,
,,Mangelhafte Lieferung ,,,,,,,T-Shirts/Hosen,,,,,,T-Shirts/Hosen,,,,,,,,T-Shirts/Hosen,,,,,,,,T-Shirts/Hosen,,,,,,,,,,,,T-Shirts/Hosen,,,,,,,,,,,,,,,,,,,,,,Reinigung ,,,,,,,,,,Reinigung ,,,,,,T-Shirts/Hosen,,T-Shirts/Hosen,,,,,,,
,,T-notizen,,,,,,,T-notizen,,,,,,T-notizen,,,,,,,,T-notizen,,,,,,,,T-notizen,,,,,,,,,,,,T-notizen,,,,,,,,,,,,,,,,,,,,,,T-notizen,,,,,,,,,,T-notizen,,,,,,T-notizen,,T-notizen,,,,,,,
,,Getränkelieferung,,,,,,,Getränkelieferung,,,,,,,,,,,,,,Getränkelieferung,,,,,,,,Getränkelieferung,,,,,,,,,,,,Getränkelieferung,,,,,,,,,,,,,,,,,,,,,,Lieferung ,,,,,,,,,,T-Shirts,,,,,,Getränkelieferung,,Getränkelieferung,,,,,,,
,,Günther/Geunther,,,,,,,,,,,,,,,,,,,,,Guenther,,,,,,,,,,,,,,,,,,,,Günther/Geunther,,,,,,,,,,,,,,,,,,,,,,,,,,,,,,,,Günther/Geunther,,,,,,Günther/Geunther,,Günther/Geunther,,,,,,,
,"Alle Mitarbeiterinnen und Mitarbeite sollen die Möglichkeit bekommen, zukünftig ein bis zwei Tage pro Woche von zu Hause aus zu arbeiten. Sie sollen dafür ihre privaten Laptops benutzen.",Beschwerde,,,,,,,Beschwerde,,,,,,,,,,,,,,Beschwerde,,,,,,,,Beschwerde,,,,,,,,,,,,Beschwerde,,,,,,,,,,,,,,,,,,,,,,,,,,,,,,,,,,,,,,Beschwerde,,Beschwerde,,,,,,,
,,,,,,,,,,,,,,,,,,,,,,,,,,,,,,,,,,,,,,,,,,,,,,,,,,,,,,,,,,,,,,,,,,,,,,,,,,,,,,,,,,,,,,,,,,
,,,,,,,,,,,,,,,,,,,,,,,,,,,,,,,,,,,,,,,,,,,,,,,,,,,,,,,,,,,,,,,,,,,,,,,,,,,,,,,,,,,,,,,,,,
,,Mündlich 020201,,,,,,,Mündlich 020201,,,,,,,,,,,,,,,,,,,,,,,,,,,,,,,,,,,,,,,,,,,,,,,,,,,,,,,,,,,,,,,,,,,,,,,,,,,,,,,,,
,,,,,,,,,,,,,,,,,,,,,,,,,,,,,,,,,,,,,,,,,,,,,,,,,,,,,,,,,,,,,,,,7/11/2025,,,,,,,,,,,,,,,,,,,,,,,,,,
,"Videokamera
 Alle Mitarbeiterinnen und Mitarbeiter in Ihrer  Firma sollen die Videokamera bei Videokonferenzen immer eingeschaltet sein. Firma möchte Online –Konferenzen für Mitarbeiter durchführen.  
",test 160221,,,,,,,test 160221,,,,,,,,test 160221,,,,,,,,,,,test 160221,,,,,,,,,,,,,,,,,,,,,,,,,test 160221,,,,,,,,,,,test 160221,,,,,,,,,,,,,,,,,,,,,,,,,,
,,T-Shirts,,,,,,,T-Shirts Mangelhafte Lieferung,,,,,,,,T-Shirts Mangelhafte Lieferung,,,,,,,,,,,T-Shirts,,,,,,,,,,,,,,,,,,,,,,,,,T-Shirts,,,,,,,,,,,T-Shirts,,,,,,,,,,,,,,,,,,,,,,,,,,
,,T-notizen ,,,,,,,T-notizen ,,,,,,,,T-notizen ,,,,,,,,,,,T-notizen ,,,,,,,,,,,,,,,,,,,,,,,,,T-notizen ,,,,,,,,,,,T-notizen ,,,,,,,,,,,,,,,,,,,,,,,,,,
,,die Aussprache schwer zu verstehen ,,,,,,,Guenther/Günther,,,,,,,,Guenther/Günther,,,,,,,,,,,,,,,,,,,,,,,,,,,,,,,,,,,,,,,,,,,,,,,die Aussprache schwer zu verstehen ,,,,,,,,,,,,,,,,,,,,,,,,,,
,"Urlaubssperre wegen des Großauftrags 
Ihre Firma hat im August und September Urlaubssperre wegen des Großauftrags. Es wurde vorgeschlagen, als Ausgleich für Urlaub eine Geldprämie  in Höhe von 500 € zu zahlen.
",Beschwerde ,,,,,,,Beschwerde ,,,,,,,,Beschwerde ,,,,,,,,,,,Beschwerde ,,,,,,,,,,,,,,,,,,,,,,,,,Beschwerde ,,,,,,,,,,,Beschwerde ,,,,,,,,,,,,,,,,,,,,,,,,,,
,,Lieferung Getränke  ,,,,,,,Lieferung Getränke,,,,,,,,"Lieferung Getränke  30/20, 20/10",,,,,,,,,,,Lieferung Getränke  ,,,,,,,,,,,,,,,,,,,,,,,,,Lieferung Getränke  ,,,,,,,,,,,Lieferung Getränke  ,,,,,,,,,,,,,,,,,,,,,,,,,,
,,Günther/Günter,,,,,,,,,,,,,,,,,,,,,,,,,,,,,,,,,,,,,,,,,,,,,,,,,,,,,,,,,,,,,,Günther/Günter,,,,,,,,,,,,,,,,,,,,,,,,,,
,,,,,,,,,,,,,,,,,,,,,,,,,,,,,,,,,,,,,,,,,,,,,,,,,,,,,,,,,,,,,,,,12⁰⁰ NRW ,,,,,,,,,,,,,,,,,,,,,,,,,,
,,Mündlich 020201,,,,,,,Mündlich 020201,,,,,,,,,,,,,,,,,,,,,,,,,,,,,,,,,,,,,,,,,,,,,,,,,,,,,,,"9⁰⁰ Bayern, NRW, Rheinland-Pfalz, Frankfurt, Berlin, Hannover, Bonn, Chemnitz, Thüringen, ",,,,,,,,,,,,,,,,,,,,,,,,,,
,,,,,,,,,,,,,,,,,,,,,,,,,,,,,,,,,,,,,,,,,,,,,,,,,,,,,,,,,,,,,,,,,,,,,,,,,,,,,,,,,,,,,,,,,,
,49 Die Mitarbeiterinnen und Mitarbeiter in Ihrer Firma sollen ihre ,test 170101,,,,,,,,,,,,,,,,,,,,,,,,,,,,,,,,,,,,,,,,,,,,,,,,,,,,,,,,,,,,,,,,,,,,,,,,,,,,,,,,,,,,,,,,
,Überstunden zukünftig in Form von Freizeit ausgleichen. Die ,Spülmaschine ,,,,,,,,,,,,,,,,,,,,,,,,,,,,,,,,,,,,,,,,,,,,,,,,,,,,,,,,,,,,,,,,,,,,,,,,,,,,,,,,,,,,,,,,
,Absprache mit der Abteilungsleitung ist erforderlich. Eine Auszahlung ,T-notizen,,,,,,,,,,,,,,,,,,,,,,,,,,,,,,,,,,,,,,,,,,,,,,,,,,,,,,,,,,,,,,,,,,,,,,,,,,,,,,,,,,,,,,,,
,"ist nicht mehr möglich.
",Meier/Mayer,,,,,,,,,,,,,,,,,,,,,,,,,,,,,,,,,,,,,,,,,,,,,,,,,,,,,,,,,,,,,,,,,,,,,,,,,,,,,,,,,,,,,,,,
,,,,,,,,,,,,,,,,,,,,,,,,,,,,,,,,,,,,,,,,,,,,,,,,,,,,,,,,,,,,,,,,,,,,,,,,,,,,,,,,,,,,,,,,,,
,50 Alle Mitarbeiterinnen und Mitarbeiter in Ihrer Firma sollen ,,,,,,,,,,,,,,,,,,,,,,,,,,,,,,,,,,,,,,,,,,,,,,,,,,,,,,,,,,,,,,,,,,,,,,,,,,,,,,,,,,,,,,,,,
,aufgrund der schlechten Auftragslage ab sofort in Kurzarbeit gehen. ,,,,,,,,,,,,,,,,,,,,,,,,,,,,,,,,,,,,,,,,,,,,,,,,,,,,,,,,,,,,,,,,,,,,,,,,,,,,,,,,,,,,,,,,,
,Die Arbeitszeit wird für die gesamte Belegschaft um 50% verringert.,,,,,,,,,,,,,,,,,,,,,,,,,,,,,,,,,,,,,,,,,,,,,,,,,,,,,,,,,,,,,,,,,,,,,,,,,,,,,,,,,,,,,,,,,
,,,,,,,,,,,,,,,,,,,,,,,,,,,,,,,,,,,,,,,,,,,,,,,,,,,,,,,,,,,,,,,,,,,,,,,,,,,,,,,,,,,,,,,,,,
,,,,,,,,,,,,,,,,,,,,,,,,,,,,,,,,,,,,,,,,,,,,,,,,,,,,,,,,,,,,,,,,,,,,,,,,,,,,,,,,,,,,,,,,,,
,"Kurzarbeit 
Alle Mitarbeiterinnen und Mitarbeiter in Ihrer 
Firma sollen aufgrund der schlechten 
Auftragslage ab sofort in Kurzarbeit gehen. Die Arbeitszeit wird für die gesamte Belegschaft um 50% verringert.
",test 170201,,,,,,,,,,,,,,,,,,,,,,,,,,,,,,,,,,,,,,,,,,,,,,,,,,,,,test 170201,,,,,,,,,,,,,,,,,,,,,,,,,,,,,,,,,,,
,,Spülmaschine,,,,,,,,,,,,,,,,,,,,,,,,,,,,,,,,,,,,,,,,,,,,,,,,,,,,,Spülmaschine,,,,,,,,,,,,,,,,,,,,,,,,,,,,,,,,,,,
,,T-notizen,,,,,,,,,,,,,,,,,,,,,,,,,,,,,,,,,,,,,,,,,,,,,,,,,,,,,T-notizen,,,,,,,,,,,,,,,,,,,,,,,,,,,,,,,,,,,
,,,,,,,,,,,,,,,,,,,,,,,,,,,,,,,,,,,,,,,,,,,,,,,,,,,,,,,,,,,,,,,,,,,,,,,,,,,,,,,,,,,,,,,,,,
,,,,,,,,,,,,,,,,,,,,,,,,,,,,,,,,,,,,,,,,,,,,,,,,,,,,,,,,,,,,,,,,,,,,,,,,,,,,,,,,,,,,,,,,,,
,"Überstunden  
Die Mitarbeiterinnen und Mitarbeiter in Ihrer Firma sollen ihre Überstunden zukünftig in Form von Freizeit ausgleichen. Die Absprache mit der Abteilungsleitung ist erforderlich. Eine Auszahlung ist nicht mehr möglich.
",Beschwerde ,,,,,,,,,,,,,,,,,,,,,,,,,,,,,,,,,,,,,,,,,,,,,,,,,,,,,Beschwerde ,,,,,,,,,,,,,,,,,,,,,,,,,,,,,,,,,,,
,,Wände streichen,,,,,,,,,,,,,,,,,,,,,,,,,,,,,,,,,,,,,,,,,,,,,,,,,,,,,Wände streichen,,,,,,,,,,,,,,,,,,,,,,,,,,,,,,,,,,,
,,,,,,,,,,,,,,,,,,,,,,,,,,,,,,,,,,,,,,,,,,,,,,,,,,,,,,,,,,,,,,,,,,,,,,,,,,,,,,,,,,,,,,,,,,
,,,,,,,,,,,,,,,,,,,,,,,,,,,,,,,,,,,,,,,,,,,,,,,,,,,,,,,,,,,,,,,,,,,,,,,,,,,,,,,,,,,,,,,,,,
,,,,,,,,,,,,,,,,,,,,,,,,,,,,,,,,,,,,,,,,,,,,,,,,,,,,,,,,,,,,,,,,,,,,,,,,5/16/2025,,,,,,,,,,,,,,,,,,
,"Alle Mitarbeitenden Ihrer Firma sollen auf zwei Tage ihres Urlaubs verzichten, damit alle Betriebsferien zwischen Weihnachten und Neujahr abgedeckt sind",test 170221,,,,test 170221,test 170221,,,,,,test 170221,test 170221,test 170221,,,,,,,,,,,,,,,,,,,,,,,,,,,,,,,,,,,,,,,,,,,,,,,,,,,,,,,,,test 170221,,,,,,,,,,,,,,,,,,
,,Spülmaschine,,,,Spülmaschine,Spülmaschine,,,,,,Spülmaschine,Spülmaschine,Spülmaschine,,,,,,,,,,,,,,,,,,,,,,,,,,,,,,,,,,,,,,,,,,,,,,,,,,,,,,,,,Spülmaschine,,,,,,,,,,,,,,,,,,
,,T-notizen,,,,T-notizen,T-notizen,,,,,,T-notizen,T-notizen,T-notizen,,,,,,,,,,,,,,,,,,,,,,,,,,,,,,,,,,,,,,,,,,,,,,,,,,,,,,,,,T-notizen,,,,,,,,,,,,,,,,,,
,,Schroeder/Schröder,,,,Beschwerde ,Beschwerde ,,,,,,,,Beschwerde ,,,,,,,,,,,,,,,,,,,,,,,,,,,,,,,,,,,,,,,,,,,,,,,,,,,,,,,,,Schroeder/Schröder,,,,,,,,,,,,,,,,,,
,,,,,,,Schroeder/Schröder,,,,,,,,Schroeder/Schröder,,,,,,,,,,,,,,,,,,,,,,,,,,,,,,,,,,,,,,,,,,,,,,,,,,,,,,,,,,,,,,,,,,,,,,,,,,,
, Alle Mitarbeitenden Ihrer Firma sollen in den Innenhof zu einem Aufenthaltsbereich für die Pause gestalten helfen. Sie sollen ihn in ihrer Freizeit am Wochenende pflegen.,Beschwerde ,,,,"weiß, pink Farbe","weiß, pink Farbe",,,,,,,,"weiß, pink Farbe",,,,,,,,,,,,,,,,,,,,,,,,,,,,,,,,,,,,,,,,,,,,,,,,,,,,,,,,,Beschwerde ,,,,,,,,,,,,,,,,,,
,,Maler in Frisörsalon,,,,Maler in Frisörsalon,Maler in Frisörsalon,,,,,,,,Maler in Frisörsalon,,,,,,,,,,,,,,,,,,,,,,,,,,,,,,,,,,,,,,,,,,,,,,,,,,,,,,,,,Maler in Frisörsalon,,,,,,,,,,,,,,,,,,
,,,,,,,,,,,,,,,,,,,,,,,,,,,,,,,,,,,,,,,,,,,,,,,,,,,,,,,,,,,,,,,,,,,,,,,,,,,,,,,,,,,,,,,,,,
,,Mündlich 110101,,,,,Mündlich 110101,,,,,,,,,,,,,,,,,,,,,,,,,,,,,,,,,,,,,,,,,,,,,,,,,,,,,,,,,,,,,,,,,"Bayern, Baden-Württemberg, Niedersachsen, Frankfurt, NRW, Berlin, Brandenburg ",,,,,,,,,,,,,,,,,,
,,,,,,,,,,,,,,,,,,,,,,,,,,,,,,,,,,,,,,,,,,,,,,,,,,,,,,,,,,,,,,,,,,,,,,,,,,,,,,,,,,,,,,,,,,
,51 Alle Mitarbeiterinnen und Mitarbeiter in ihrer Firma sollen ,test 180101,,,,,,,,,,,,,,,,,,,,,,,,,,,,,,,,,,,,,,,,,,,,,,,,,,,,,,,,,,,,,,,,,,,,,,,,,,,,,,,,,,,,,,,,
,"motiviert werden, aus Gründen des Umweltschutzes ab sofort das ",Webseite ,,,,,,,,,,,,,,,,,,,,,,,,,,,,,,,,,,,,,,,,,,,,,,,,,,,,,,,,,,,,,,,,,,,,,,,,,,,,,,,,,,,,,,,,
,Auto stehenzulassen. Dafür erhalten sie ein kostenfreies Jahres-Abo ,T-notizen,,,,,,,,,,,,,,,,,,,,,,,,,,,,,,,,,,,,,,,,,,,,,,,,,,,,,,,,,,,,,,,,,,,,,,,,,,,,,,,,,,,,,,,,
,"für Bus und Bahn.
",Schmidt/Schmitt ,,,,,,,,,,,,,,,,,,,,,,,,,,,,,,,,,,,,,,,,,,,,,,,,,,,,,,,,,,,,,,,,,,,,,,,,,,,,,,,,,,,,,,,,
,,,,,,,,,,,,,,,,,,,,,,,,,,,,,,,,,,,,,,,,,,,,,,,,,,,,,,,,,,,,,,,,,,,,,,,,,,,,,,,,,,,,,,,,,,
,52 Alle Mitarbeiterinnen und Mitarbeiter in lhrer Firma sollen ab dem ,75 €,,,,,,,,,,,,,,,,,,,,,,,,,,,,,,,,,,,,,,,,,,,,,,,,,,,,,,,,,,,,,,,,,,,,,,,,,,,,,,,,,,,,,,,,
,kommenden Jahr fūr Fortbildungen einen Urlaubstag nehmen. ,,,,,,,,,,,,,,,,,,,,,,,,,,,,,,,,,,,,,,,,,,,,,,,,,,,,,,,,,,,,,,,,,,,,,,,,,,,,,,,,,,,,,,,,,
,Bezahlt werden die Fortbildungen aber weiterhin von der Firma.,,,,,,,,,,,,,,,,,,,,,,,,,,,,,,,,,,,,,,,,,,,,,,,,,,,,,,,,,,,,,,,,,,,,,,,,,,,,,,,,,,,,,,,,,
,,,,,,,,,,,,,,,,,,,,,,,,,,,,,,,,,,,,,,,,,,,,,,,,,,,,,,,,,,,,,,,,,,,,,,,,,,,,,,,,,,,,,,,,,,
,,,,,,,,,,,,,,,,,,,,,,,,,,,,,,,,,,,,,,,,,,,,,,,,,,,,,,,,,,,,,,,,,,,,,,,,,,,,,,,,,,,,,,,,,,
,"Alle Mitarbeiterinnen und Mitarbeiter in ihrer Firma sollen motiviert werden, aus Gründen des Umweltschutzes ab sofort das Auto stehenzulassen. Dafür erhalten sie ein kostenfreies Jahres-Abo für Bus und Bahn.",test 180201,,,,,,,,,,,,,,,,,,,,,,,,,,,,,,,,,,,test 180201,,,,,,,test 180201,,,,,,,,,,,,,,,,,,,,,,,,,,,,,,,,,,,,,,,,,,,,,,
,,Webseite ,,,,,,,,,,,,,,,,,,,,,,,,,,,,,,,,,,,Webseite ,,,,,,,Webseite ,,,,,,,,,,,,,,,,,,,,,,,,,,,,,,,,,,,,,,,,,,,,,,
,,T-notizen,,,,,,,,,,,,,,,,,,,,,,,,,,,,,,,,,,,T-notizen,,,,,,,T-notizen,,,,,,,,,,,,,,,,,,,,,,,,,,,,,,,,,,,,,,,,,,,,,,
,,Auto,,,,,,,,,,,,,,,,,,,,,,,,,,,,,,,,,,,Auto,,,,,,,Auto,,,,,,,,,,,,,,,,,,,,,,,,,,,,,,,,,,,,,,,,,,,,,,
,,55 / 80 Euro,,,,,,,,,,,,,,,,,,,,,,,,,,,,,,,,,,,55 Euro,,,,,,,55 / 80 Euro,,,,,,,,,,,,,,,,,,,,,,,,,,,,,,,,,,,,,,,,,,,,,,
,Alle Mitarbeiterinnen und Mitarbeiter in lhrer Firma sollen ab dem kommenden Jahr fūr Fortbildungen einen Urlaubstag nehmen. Bezahlt werden die Fortbildungen aber weiterhin von der Firma.,Angebot,,,,,,,,,,,,,,,,,,,,,,,,,,,,,,,,,,,Schmied,,,,,,,Angebot,,,,,,,,,,,,,,,,,,,,,,,,,,,,,,,,,,,,,,,,,,,,,,
,,Schmied,,,,,,,,,,,,,,,,,,,,,,,,,,,,,,,,,,,Angebot,,,,,,,,,,,,,,,,,,,,,,,,,,,,,,,,,,,,,,,,,,,,,,,,,,,,,
,,,,,,,,,,,,,,,,,,,,,,,,,,,,,,,,,,,,,,,,,,,,,,,,,,,,,,,,,,,,,,,,,,,,,,,,,,,,,,,,,,,,,,,,,,
,,,,,,,,,,,,,,,,,,,,,,,,,,,,,,,,,,,,,,,,,,,,,,,,,,,,,,,,,,,,,,,,,,,,,,,,,,,,,,,,,,,,,,,,,,
,,,,,,,,,,,,,,,,,,,,,,,,,,,,,,,,,,,,,,,,,,,,,,,,,,,,,,,,,,,,,,,,,,,,,,,5/17/2025,,,,,,,,,,,,,,,,,,,
,"Alle Mitarbeitenden Ihrer Firma müssen Papier sparen. Bis dahin wird eine Begrenzung des Drucker- und Papierverbrauchs festgelegt um Umwelt zu schützen. /  Das Unternehmen hat beschlossen, in Zukunft aus Gründen des Umweltschutzes den Papierverbracht im Unternehmen zu minimieren und die Anzahl der Kopien pro Mitarbeiter zu limitieren.",test 180221,,,,,,,,,,,,,,,,,,,,,,,,,,,,test 180221,test 180221,,,,,,,,,,,,,,test 180221,,,,,,,,,,,,,,,,,,,,,,,,,,test 180221,,,,test 180321,,,,,,,,,,,,,,,
,,Webseite ,,,,,,,,,,,,,,,,,,,,,,,,,,,,Webseite  ,Webseite  ,,,,,,,,,,,,,,Webseite ,,,,,,,,,,,,,,,,,,,,,,,,,,Webseite  ,,,,Webseite ,,,,,,,,,,,,,,,
,,300€ Leyer,,,,,,,,,,,,,,,,,,,,,,,,,,,,300€ Leyer,300€ Leyer,,,,,,,,,,,,,,Schmitz,,,,,,,,,,,,,,,,,,,,,,,,,,300€ Leyer,,,,,,,,,,,,,,,,,,,
,,T-notizen ,,,,,,,,,,,,,,,,,,,,,,,,,,,,T-notizen ,T-notizen ,,,,,,,,,,,,,,T-notizen ,,,,,,,,,,,,,,,,,,,,,,,,,,T-notizen ,,,,,,,,,,,,,,,,,,,
,,Autovermietung ,,,,,,,,,,,,,,,,,,,,,,,,,,,,Autovermietung ,Autovermietung ,,,,,,,,,,,,,,,,,,,,,,,,,,,,,,,,,,,,,,,,Autovermietung ,,,,,,,,,,,,,,,,,,,
," Alle Mitarbeitenden Ihrer Firma können sich auf Wunsch an einer Sammelaktion für Kinderkleidung beteiligen, der gesamte Erlös kommt einer Spende zugute.",55€/Tag ,,,,,,,,,,,,,,,,,,,,,,,,,,,,55€/Tag ,55€/Tag ,,,,,,,,,,,,,,,,,,,,,,,,,,,,,,,,,,,,,,,,55€/Tag ,,,,,,,,,,,,,,,,,,,
,,Schmitz,,,,,,,,,,,,,,,,,,,,,,,,,,,,Schmitz,Schmitz,,,,,,,,,,,,,,,,,,,,,,,,,,,,,,,,,,,,,,,,Schmitz (dz?),,,,,,,,,,,,,,,,,,,
,,Angebot,,,,,,,,,,,,,,,,,,,,,,,,,,,,Angebot,Angebot,,,,,,,,,,,,,,,,,,,,,,,,,,,,,,,,,,,,,,,,Angebot,,,,,,,,,,,,,,,,,,,
,,,,,,,,,,,,,,,,,,,,,,,,,,,,,,,,,,,,,,,,,,,,,,,,,,,,,,,,,,,,,,,,,,,,,,,"Vormittag: 9⁰⁰ Hamburg , NRW,  Bayern, Sachsen, Baden-Württemberg, Düsseldorf, Stuttgart, Berlin, Hessen, Niedersachsen, Thüringen, ",,,,,,,,,,,,,,,,,,,
,,,,,,,,,,,,,,,,,,,,,,,,,,,,,,,,,,,,,,,,,,,,,,,,,,,,,,,,,,,,,,,,,,,,,,,,,,,,,,,,,,,,,,,,,,
,"53 Alle Mitarbeiterinnen und Mitarbeiter in Ihrer Firma müssen Essen für einen Betriebsausflug mitbringen, die Firma möchte Geld sparen.",test 190101,,,,,,,,,,,,,,,,,,,,,,,,,,,,,,,,,,,,,,,,,,,,,,,,,,,,,,,,,,,,,,,,,,,,,,,,,,,,,,,,,,,,,,,,
,,Reinigung ,,,,,,,,,,,,,,,,,,,,,,,,,,,,,,,,,,,,,,,,,,,,,,,,,,,,,,,,,,,,,,,,,,,,,,,,,,,,,,,,,,,,,,,,
,,T-notizen,,,,,,,,,,,,,,,,,,,,,,,,,,,,,,,,,,,,,,,,,,,,,,,,,,,,,,,,,,,,,,,,,,,,,,,,,,,,,,,,,,,,,,,,
,,Maßner,,,,,,,,,,,,,,,,,,,,,,,,,,,,,,,,,,,,,,,,,,,,,,,,,,,,,,,,,,,,,,,,,,,,,,,,,,,,,,,,,,,,,,,,
,,,,,,,,,,,,,,,,,,,,,,,,,,,,,,,,,,,,,,,,,,,,,,,,,,,,,,,,,,,,,,,,,,,,,,,,,,,,,,,,,,,,,,,,,,
,54 Alle Mitarbeiterinnen und Mitarbeiter in Ihrer Firma sollen von ,,,,,,,,,,,,,,,,,,,,,,,,,,,,,,,,,,,,,,,,,,,,,,,,,,,,,,,,,,,,,,,,,,,,,,,,,,,,,,,,,,,,,,,,,
,Ihrer Firma Jahres-Jobtickets für das Freizeitbad der Stadt geschickt ,,,,,,,,,,,,,,,,,,,,,,,,,,,,,,,,,,,,,,,,,,,,,,,,,,,,,,,,,,,,,,,,,,,,,,,,,,,,,,,,,,,,,,,,,
,"bekommen, um die Arbeit Alltagsstress abzubauen.",,,,,,,,,,,,,,,,,,,,,,,,,,,,,,,,,,,,,,,,,,,,,,,,,,,,,,,,,,,,,,,,,,,,,,,,,,,,,,,,,,,,,,,,,
,,,,,,,,,,,,,,,,,,,,,,,,,,,,,,,,,,,,,,,,,,,,,,,,,,,,,,,,,,,,,,,,,,,,,,,,,,,,,,,,,,,,,,,,,,
,,,,,,,,,,,,,,,,,,,,,,,,,,,,,,,,,,,,,,,,,,,,,,,,,,,,,,,,,,,,,,,,,,,,,,,,,,,,,,,,,,,,,,,,,,
,Betriebausflug. Alle sollen das Essen mitbringen. Firma spare Geld. ,test 190201,,,,,,,,,,,,,,,,,,,,,,,,,,,,,,,,,,,,,,,,,,,,,,,,,,,,,,,,,,,,,,,,,,,,,,,,,,,,,,,,,,test 190201,,,,,,
,,Putzdienst,,,,,,,,,,,,,,,,,,,,,,,,,,,,,,,,,,,,,,,,,,,,,,,,,,,,,,,,,,,,,,,,,,,,,,,,,,,,,,,,,,Putzdienst,,,,,,
,,T-notizen,,,,,,,,,,,,,,,,,,,,,,,,,,,,,,,,,,,,,,,,,,,,,,,,,,,,,,,,,,,,,,,,,,,,,,,,,,,,,,,,,,T-notizen,,,,,,
,,Lorenz,,,,,,,,,,,,,,,,,,,,,,,,,,,,,,,,,,,,,,,,,,,,,,,,,,,,,,,,,,,,,,,,,,,,,,,,,,,,,,,,,,Lorenz,,,,,,
,,Buchung ,,,,,,,,,,,,,,,,,,,,,,,,,,,,,,,,,,,,,,,,,,,,,,,,,,,,,,,,,,,,,,,,,,,,,,,,,,,,,,,,,,Buchung ,,,,,,
,Unternehmen schenkt allen Mitarbeitern eine jährige Karte für Freizeitbad.,Tischreservierung,,,,,,,,,,,,,,,,,,,,,,,,,,,,,,,,,,,,,,,,,,,,,,,,,,,,,,,,,,,,,,,,,,,,,,,,,,,,,,,,,,Tischreservierung,,,,,,
,,Parkplätze?,,,,,,,,,,,,,,,,,,,,,,,,,,,,,,,,,,,,,,,,,,,,,,,,,,,,,,,,,,,,,,,,,,,,,,,,,,,,,,,,,,Parkplätze?,,,,,,
,,,,,,,,,,,,,,,,,,,,,,,,,,,,,,,,,,,,,,,,,,,,,,,,,,,,,,,,,,,,,,,,,,,,,,,,,,,,,,,,,,,,,,,,,,
,,,,,,,,,,,,,,,,,,,,,,,,,,,,,,,,,,,,,,,,,,,,,,,,,,,,,,,,,,,,,,,,,,,,,,,,,,,,,,,,,,,,,,,,,,
,,,,,,,,,,,,,,,,,,,,,,,,,,,,,,,,,,,,,,,,,,,,,,,,,,,,,,,,,,,,,,,,,,,,,,,,,,,,,,,,,,,,,,,,,,
,,,,,,,,,,,,,,,,,,,,,,,,,,,,,,,,,,,,,,,,,,,,,,,,,,,,,,,,,,,,,,,,,,,,,,,,,,,test 190321,,,,,,,,,,,,,,,
,,,,,,,,,,,,,,,,,,,,,,,,,,,,,,,,,,,,,,,,,,,,,,,,,,,,,,,,,,,,,,,,,,,,,,,,,,,Reinigung ,,,,,,,,,,,,,,,
,,,,,,,,,,,,,,,,,,,,,,,,,,,,,,,,,,,,,,,,,,,,,,,,,,,,,,,,,,,,,,,,,,,,,,,,,,,,,,,,,,,,,,,,,,
,,,,,,,,,,,,,,,,,,,,,,,,,,,,,,,,,,,,,,,,,,,,,,,,,,,,,,,,,,,,,,,,,,,,,,,,,,,,,,,,,,,,,,,,,,
,,,,,,,,,,,,,,,,,,,,,,,,,,,,,,,,,,,,,,,,,,,,,,,,,,,,,,,,,,,,,,,,,,,,,,,,,,,,,,,,,,,,,,,,,,
,,,,,,,,,,,,,,,,,,,,,,,,,,,,,,,,,,,,,,,,,,,,,,,,,,,,,,,,,,,,,,,,,,,,,,,,,,,,,,,,,,,,,,,,,,
,,,,,,,,,,,,,,,,,,,,,,,,,,,,,,,,,,,,,,,,,,,,,,,,,,,,,,,,,,,,,,,,,,,,,,,,,,,,,,,,,,,,,,,,,,
,,,,,,,,,,,,,,,,,,,,,,,,,,,,,,,,,,,,,,,,,,,,,,,,,,,,,,,,,,,,,,,,,,,,,,,,,,,,,,,,,,,,,,,,,,
,,,,,,,,,,,,,,,,,,,,,,,,,,,,,,,,,,,,,,,,,,,,,,,,,,,,,,,,,,,,,,,,,,,,,,,,,,,,,,,,,,,,,,,,,,
,,,,,,,,,,,,,,,,,,,,,,,,,,,,,,,,,,,,,,,,,,,,,,,,,,,,,,,,,,,,,,,,,,,,,,,,,,,,,,,,,,,,,,,,,,
,"Geschäftsreisen Verkehrsmittel                                                                                                 Alle Mitarbeiterinnen und Mitarbeiter in Ihrer Firma sind angehalten, für Geschäftsreisen vermehrt Verkehrsmittel wie die Bahn anstelle des eigenen Autos zu nutzen.",test 190221,,,,test 190220,test 190221,,,,,,,,,,,,,,,,,,,,,,,,,,,,,,,,,,,,,,test 190221,,,,,,,,,,,,,,test 190221,,,,,,,,,,,,,,,,,,,,,,,,,,,,,,,
,,Reinigung ,,,,Reinigung ,Reinigung ,,,,,,,,,,,,,,,,,,,,,,,,,,,,,,,,,,,,,,Reinigung ,,,,,,,,,,,,,,Reinigung ,,,,,,,,,,,,,,,,,,,,,,,,,,,,,,,
,,T-notizen,,,,T-notizen,T-notizen,,,,,,,,,,,,,,,,,,,,,,,,,,,,,,,,,,,,,,T-notizen,,,,,,,,,,,,,,T-notizen,,,,,,,,,,,,,,,,,,,,,,,,,,,,,,,
,,Lorenz,,,,,,,,,,,,,,,,,,,,,,,,,,,,,,,,,,,,,,,,,,,Lorenz,,,,,,,,,,,,,,Lorenz,,,,,,,,,,,,,,,,,,,,,,,,,,,,,,,
,"Firma Getränke nicht mehr bereitstellt.
 Alle Mitarbeiterinnen und Mitarbeiter in Ihrer Firma sollen Kaffe und andere Getränke ab sofort vor zu Hause mitbringen, da die Firma diese nicht mehr bereitstellt.
",Buchung ,,,,,Buchung ,,,,,,,,,,,,,,,,,,,,,,,,,,,,,,,,,,,,,,Buchung ,,,,,,,,,,,,,,Buchung ,,,,,,,,,,,,,,,,,,,,,,,,,,,,,,,
,,Tischreservierung,,,,,Tischreservierung,,,,,,,,,,,,,,,,,,,,,,,,,,,,,,,,,,,,,,Tischreservierung,,,,,,,,,,,,,,Tischreservierung,,,,,,,,,,,,,,,,,,,,,,,,,,,,,,,
,,Parkplätze?,,,,,Parkplätze?,,,,,,,,,,,,,,,,,,,,,,,,,,,,,,,,,,,,,,Parkplätze?,,,,,,,,,,,,,,Parkplätze?,,,,,,,,,,,,,,,,,,,,,,,,,,,,,,,
,,,,,,,,,,,,,,,,,,,,,,,,,,,,,,,,,,,,,,,,,,,,,,,,,,,,,,,,,,,,,,,,,,,,,,,,,,,,,,,,,,,,,,,,,,
,,,,,,,,,,,,,,,,,,,,,,,,,,,,,,,,,,,,,,,,,,,,,,,,,,,,,,,,,,,,,,,,,,,,,,,,,,,,,,,,,,,,,,,,,,
,,,,,,,,,,,,,,,,,,,,,,,,,,,,,,,,,,,,,,,,,,,,,,,,,,,,,,,,,,,,,,,,,,,,,,,,,,,,,,,,,,,,,,,,,,
,55 Alle Mitarbeiterinnen und Mitarbeiter in Ihre Firma in der ,test 200101,,,,,,,,,,,,,,,,,,,,,,,,,,,,,,,,,,,,,,,,,,,,,,,,,,,,,,,,,,,,,,,,,,,,,,,,,,,,,,,,,,,,,,,,
,Großküche sollen aus Hygiene am Arbeitsplatz die Handys nicht ,Tischlampe ,,,,,,,,,,,,,,,,,,,,,,,,,,,,,,,,,,,,,,,,,,,,,,,,,,,,,,,,,,,,,,,,,,,,,,,,,,,,,,,,,,,,,,,,
,"benutzen.
",Städtler/Staedtler,,,,,,,,,,,,,,,,,,,,,,,,,,,,,,,,,,,,,,,,,,,,,,,,,,,,,,,,,,,,,,,,,,,,,,,,,,,,,,,,,,,,,,,,
,,,,,,,,,,,,,,,,,,,,,,,,,,,,,,,,,,,,,,,,,,,,,,,,,,,,,,,,,,,,,,,,,,,,,,,,,,,,,,,,,,,,,,,,,,
,,,,,,,,,,,,,,,,,,,,,,,,,,,,,,,,,,,,,,,,,,,,,,,,,,,,,,,,,,,,,,,,,,,,,,,,,,,,,,,,,,,,,,,,,,
,"56 Alle Mitarbeitende, die einen Fahrgemeinschaft auf dem Weg zur ",,,,,,,,,,,,,,,,,,,,,,,,,,,,,,,,,,,,,,,,,,,,,,,,,,,,,,,,,,,,,,,,,,,,,,,,,,,,,,,,,,,,,,,,,
,"Arbeit organisieren, bekommen einen Zuschuss von Benzingeld. ",,,,,,,,,,,,,,,,,,,,,,,,,,,,,,,,,,,,,,,,,,,,,,,,,,,,,,,,,,,,,,,,,,,,,,,,,,,,,,,,,,,,,,,,,
,Die einzelnen Fahrer erhalten keine Unterstützung.,,,,,,,,,,,,,,,,,,,,,,,,,,,,,,,,,,,,,,,,,,,,,,,,,,,,,,,,,,,,,,,,,,,,,,,,,,,,,,,,,,,,,,,,,
,,,,,,,,,,,,,,,,,,,,,,,,,,,,,,,,,,,,,,,,,,,,,,,,,,,,,,,,,,,,,,,,,,,,,,,,,,,,,,,,,,,,,,,,,,
,,,,,,,,,,,,,,,,,,,,,,,,,,,,,,,,,,,,,,,,,,,,,,,,,,,,,,,,,,,,,,,,,,,,,,,,,,5/2/2025,,,,,,,,,,,,,,,,
,57 Sie arbeiten in einer großen Küche. Aus hygienischen Gründen ,test 200201,,,,,,,,,,,,,,,,,,,,,,,,,,,,,,,,,,,,,,,,,,,,,,,,,,,,,,,,,,,,,,,,,,,,,,,,test 200201,,,,,,test 200201,,,,,,,,,,
,können Sie keine Mobiltelefone verwenden - sie müssen in einer ,Tischlampe ,,,,,,,,,,,,,,,,,,,,,,,,,,,,,,,,,,,,,,,,,,,,,,,,,,,,,,,,,,,,,,,,,,,,,,,,Tischlampe ,,,,,,Tischlampe ,,,,,,,,,,
,Spind (Zelle) geschlossen werden.,T-notizen,,,,,,,,,,,,,,,,,,,,,,,,,,,,,,,,,,,,,,,,,,,,,,,,,,,,,,,,,,,,,,,,,,,,,,,,T-notizen,,,,,,T-notizen,,,,,,,,,,
,,,,,,,,,,,,,,,,,,,,,,,,,,,,,,,,,,,,,,,,,,,,,,,,,,,,,,,,,,,,,,,,,,,,,,,,,,,,,,,,Brandt,,,,,,,,,,
,,,,,,,,,,,,,,,,,,,,,,,,,,,,,,,,,,,,,,,,,,,,,,,,,,,,,,,,,,,,,,,,,,,,,,,,,,,,,,,,Hefte,,,,,,,,,,
,"58 Alle Mitarbeiter, die Fahrgemeinschaft bilden, erhalten den ",,,,,,,,,,,,,,,,,,,,,,,,,,,,,,,,,,,,,,,,,,,,,,,,,,,,,,,,,,,,,,,,,,,,,,,,,,,,,,,,,,,,,,,,,
,"Benzinzuschlag. Diejenigen, die persönliche Autos fahren werden, ",,,,,,,,,,,,,,,,,,,,,,,,,,,,,,,,,,,,,,,,,,,,,,,,,,,,,,,,,,,,,,,,,,,,,,,,,,,,,,,,,,,,,,,,,
,werden Benzinzuschlag nicht bekommen. ,,,,,,,,,,,,,,,,,,,,,,,,,,,,,,,,,,,,,,,,,,,,,,,,,,,,,,,,,,,,,,,,,,,,,,,,,,,,,,,,,,,,,,,,,
,,,,,,,,,,,,,,,,,,,,,,,,,,,,,,,,,,,,,,,,,,,,,,,,,,,,,,,,,,,,,,,,,,,,,,,,,,Nachmittag ,,,,,,,,,,,,,,,,
,,,,,,,,,,,,,,,,,,,,,,,,,,,,,,,,,,,,,,,,,,,,,,,,,,,,,,,,,,,,,,,,,,,,,,,,,,,,,,,,,,,,,,,,,,
,Sie arbeiten in einer großen Küche. Aus hygienischen Gründen können Sie keine Mobiltelefone verwenden - sie müssen in einer Spind (Zelle) geschlossen werden.,test 200202,,test 200201,,,,test 200201,test 200202,,,,,,,,,,,,,,,,,,,,,,test 200202,,,,,,,test 200202,,,,,,,,,,,,,,,,,,,,,,,,,,,,,,,,,,,,,,,,,,,,,,,,,,,,
,,Tischlampe ,,Tischlampe ,,,,Tischlampe ,Tischlampe ,,,,,,,,,,,,,,,,,,,,,,Tischlampe ,,,,,,,Tischlampe ,,,,,,,,,,,,,,,,,,,,,,,,,,,,,,,,,,,,,,,,,,,,,,,,,,,,
,,T-notizen,,T-notizen,,,,T-notizen,T-notizen,,,,,,,,,,,,,,,,,,,,,,T-notizen,,,,,,,T-notizen,,,,,,,,,,,,,,,,,,,,,,,,,,,,,,,,,,,,,,,,,,,,,,,,,,,,
,,,,,,,,,,,,,,,,,,,,,,,,,,,,,,,,,,,,,,,,,,,,,,,,,,,,,,,,,,,,,,,,,,,,,,,,,,,,,,,,,,,,,,,,,,
,,,,Prospekthüllen,,,,Prospekthüllen,Prospekthüllen,,,,,,,,,,,,,,,,,,,,,,Prospekthüllen,,,,,,,Prospekthüllen,,,,,,,,,,,,,,,,,,,,,,,,,,,,,,,,,,,,,,,,,,,,,,,,,,,,
,"Alle Mitarbeiter, die Fahrgemeinschaft bilden, erhalten den Benzinzuschlag. Diejenigen, die persönliche Autos fahren werden, werden Benzinzuschlag nicht bekommen. ",,,Beschwerde ,,,,Beschwerde ,Beschwerde ,,,,,,,,,,,,,,,,,,,,,,Beschwerde ,,,,,,,Beschwerde ,,,,,,,,,,,,,,,,,,,,,,,,,,,,,,,,,,,,,,,,,,,,,,,,,,,,
,,,,,,,,,,,,,,,,,,,,,,,,,,,,,,,,,,,,,,,,,,,,,,,,,,,,,,,,,,,,,,,,,,,,,,,,,,,,,,,,,,,,,,,,,,
,,,,,,,,,,,,,,,,,,,,,,,,,,,,,,,,,,,,,,,,,,,,,,,,,,,,,,,,,,,,,,,,,,,,,,,,,,,,,,,,,,,,,,,,,,
,,,,,,,,,,,,,,,,,,,,,,,,,,,,,,,,,,,,,,,,,,,,,,,,,,,,,,,,,,,,,,,,,,,,,,,,,,,,,,,,,,,,,,,,,,
,,,,,,,,,,,,,,,,,,,,,,,,,,,,,,,,,,,,,,,,,,,,,,,,,,,,,,,,,,,,,,,,,,,,,,,,,,,,,,,,,,,,,,,,,,
,59 In der Firma soll Energie gespart und nicht mehr so viel geheizt ,test 200221,,,,,,,,,,,,,,,,,,,,,,,,,,,,,,,,,,,,,,,,,,,,,,,,,,,,,,,,,,,,,test 200221,,,,,,,,,,,,,,,,,,,,,,,,,,,
,"werden. Im Winter können die Mitarbeitenden, wenn ihnen zu kalt ist, ",Tischlampe 2 Variant,,,,,,,,,,,,,,,,,,,,,,,,,,,,,,,,,,,,,,,,,,,,,,,,,,,,,,,,,,,,,Tischlampe 2 Variant,,,,,,,,,,,,,,,,,,,,,,,,,,,
,"in der Fleecejacke, die sie kostenlos von der Firma bekommen, im ",T-notizen,,,,,,,,,,,,,,,,,,,,,,,,,,,,,,,,,,,,,,,,,,,,,,,,,,,,,,,,,,,,,T-notizen,,,,,,,,,,,,,,,,,,,,,,,,,,,
,Büro arbeiten,Brand,,,,,,,,,,,,,,,,,,,,,,,,,,,,,,,,,,,,,,,,,,,,,,,,,,,,,,,,,,,,,Brand/Brandt?,,,,,,,,,,,,,,,,,,,,,,,,,,,
,,100 St schnellheftemangel,,,,,,,,,,,,,,,,,,,,,,,,,,,,,,,,,,,,,,,,,,,,,,,,,,,,,,,,,,,,,100 St Schnellheftemangel,,,,,,,,,,,,,,,,,,,,,,,,,,,
,60 Alle Mitarbeitenden Ihrer Firma sollen am Tiambildung-Event ,,,,,,,,,,,,,,,,,,,,,,,,,,,,,,,,,,,,,,,,,,,,,,,,,,,,,,,,,,,,,,Beschwerde ,,,,,,,,,,,,,,,,,,,,,,,,,,,
,am Wochenende in der anderen Stadt teilnehmen ,,,,,,,,,,,,,,,,,,,,,,,,,,,,,,,,,,,,,,,,,,,,,,,,,,,,,,,,,,,,,,,,,,,,,,,,,,,,,,,,,,,,,,,,,
,Tischtennis,,,,,,,,,,,,,,,,,,,,,,,,,,,,,,,,,,,,,,,,,,,,,,,,,,,,,,,,,,,,,,,,,,,,,,,,,,,,,,,,,,,,,,,,,
,,,,,,,,,,,,,,,,,,,,,,,,,,,,,,,,,,,,,,,,,,,,,,,,,,,,,,,,,,,,,,,"9⁰⁰ Berlin, Hessen, Essen, NRW, Schleswig-Holstein, Bayern, Köln, Baden-Württemberg, Niedersachsen, Dresden, Nürnberg, ",,,,,,,,,,,,,,,,,,,,,,,,,,,
